name,institution,course_url,course_id,content
Machine Learning,Stanford University,https://www.coursera.org/learn/machine-learning,machine-learning,Machine Learning Stanford University
Technical Support Fundamentals,Google,https://www.coursera.org/learn/technical-support-fundamentals,technical-support-fundamentals,Technical Support Fundamentals Google
Become a CBRS Certified Professional Installer by Google,Google - Spectrum Sharing,https://www.coursera.org/learn/google-cbrs-cpi-training,google-cbrs-cpi-training,Become a CBRS Certified Professional Installer by Google Google - Spectrum Sharing
Financial Markets,Yale University,https://www.coursera.org/learn/financial-markets-global,financial-markets-global,Financial Markets Yale University
Programming for Everybody (Getting Started with Python),University of Michigan,https://www.coursera.org/learn/python,python,Programming for Everybody (Getting Started with Python) University of Michigan
The Bits and Bytes of Computer Networking,Google,https://www.coursera.org/learn/computer-networking,computer-networking,The Bits and Bytes of Computer Networking Google
AI For Everyone,DeepLearning.AI,https://www.coursera.org/learn/ai-for-everyone,ai-for-everyone,AI For Everyone DeepLearning.AI
Crash Course on Python,Google,https://www.coursera.org/learn/python-crash-course,python-crash-course,Crash Course on Python Google
Neural Networks and Deep Learning,DeepLearning.AI,https://www.coursera.org/learn/neural-networks-deep-learning,neural-networks-deep-learning,Neural Networks and Deep Learning DeepLearning.AI
What is Data Science?,IBM,https://www.coursera.org/learn/what-is-datascience,what-is-datascience,What is Data Science? IBM
Successful Negotiation: Essential Strategies and Skills,University of Michigan,https://www.coursera.org/learn/negotiation-skills,negotiation-skills,Successful Negotiation: Essential Strategies and Skills University of Michigan
Fundamentals of Project Planning and Management,University of Virginia,https://www.coursera.org/learn/uva-darden-project-management,uva-darden-project-management,Fundamentals of Project Planning and Management University of Virginia
Project Launch,"University of California, Irvine",https://www.coursera.org/learn/project-management,project-management,"Project Launch University of California, Irvine"
"Brand Management: Aligning Business, Brand and Behaviour",London Business School,https://www.coursera.org/learn/brand,brand,"Brand Management: Aligning Business, Brand and Behaviour London Business School"
"HTML, CSS, and Javascript for Web Developers",Johns Hopkins University,https://www.coursera.org/learn/html-css-javascript-for-web-developers,html-css-javascript-for-web-developers,"HTML, CSS, and Javascript for Web Developers Johns Hopkins University"
Excel Skills for Business: Essentials,Macquarie University,https://www.coursera.org/learn/excel-essentials,excel-essentials,Excel Skills for Business: Essentials Macquarie University
Introduction to Negotiation: A Strategic Playbook for Becoming a Principled and Persuasive Negotiator,Yale University,https://www.coursera.org/learn/negotiation,negotiation,Introduction to Negotiation: A Strategic Playbook for Becoming a Principled and Persuasive Negotiator Yale University
"Everyday Excel, Part 1",University of Colorado Boulder,https://www.coursera.org/learn/everyday-excel-part-1,everyday-excel-part-1,"Everyday Excel, Part 1 University of Colorado Boulder"
Learning How to Learn: Powerful mental tools to help you master tough subjects,University of California San Diego,https://www.coursera.org/learn/learning-how-to-learn,learning-how-to-learn,Learning How to Learn: Powerful mental tools to help you master tough subjects University of California San Diego
Google Cloud Platform Fundamentals: Core Infrastructure,Google Cloud,https://www.coursera.org/learn/gcp-fundamentals,gcp-fundamentals,Google Cloud Platform Fundamentals: Core Infrastructure Google Cloud
Viral Marketing and How to Craft Contagious Content,University of Pennsylvania,https://www.coursera.org/learn/wharton-contagious-viral-marketing,wharton-contagious-viral-marketing,Viral Marketing and How to Craft Contagious Content University of Pennsylvania
Python Data Structures,University of Michigan,https://www.coursera.org/learn/python-data,python-data,Python Data Structures University of Michigan
Private Equity and Venture Capital,Università Bocconi,https://www.coursera.org/learn/private-equity,private-equity,Private Equity and Venture Capital Università Bocconi
"Introduction to TensorFlow for Artificial Intelligence, Machine Learning, and Deep Learning",DeepLearning.AI,https://www.coursera.org/learn/introduction-tensorflow,introduction-tensorflow,"Introduction to TensorFlow for Artificial Intelligence, Machine Learning, and Deep Learning DeepLearning.AI"
Operating Systems and You: Becoming a Power User,Google,https://www.coursera.org/learn/os-power-user,os-power-user,Operating Systems and You: Becoming a Power User Google
Tools for Data Science,IBM,https://www.coursera.org/learn/open-source-tools-for-data-science,open-source-tools-for-data-science,Tools for Data Science IBM
"Improving Deep Neural Networks: Hyperparameter tuning, Regularization and Optimization",DeepLearning.AI,https://www.coursera.org/learn/deep-neural-network,deep-neural-network,"Improving Deep Neural Networks: Hyperparameter tuning, Regularization and Optimization DeepLearning.AI"
Design and Interpretation of Clinical Trials,Johns Hopkins University,https://www.coursera.org/learn/clinical-trials,clinical-trials,Design and Interpretation of Clinical Trials Johns Hopkins University
Visual Elements of User Interface Design,California Institute of the Arts,https://www.coursera.org/learn/visual-elements-user-interface-design,visual-elements-user-interface-design,Visual Elements of User Interface Design California Institute of the Arts
Management of Fashion and Luxury Companies,Università Bocconi,https://www.coursera.org/learn/mafash,mafash,Management of Fashion and Luxury Companies Università Bocconi
Primeros Auxilios Psicológicos (PAP),Universitat Autònoma de Barcelona,https://www.coursera.org/learn/pap,pap,Primeros Auxilios Psicológicos (PAP) Universitat Autònoma de Barcelona
Initiating and Planning Projects,"University of California, Irvine",https://www.coursera.org/learn/project-planning,project-planning,"Initiating and Planning Projects University of California, Irvine"
Computational Thinking for Problem Solving,University of Pennsylvania,https://www.coursera.org/learn/computational-thinking-problem-solving,computational-thinking-problem-solving,Computational Thinking for Problem Solving University of Pennsylvania
Agile with Atlassian Jira,Atlassian,https://www.coursera.org/learn/agile-atlassian-jira,agile-atlassian-jira,Agile with Atlassian Jira Atlassian
Fundamentals of Graphic Design,California Institute of the Arts,https://www.coursera.org/learn/fundamentals-of-graphic-design,fundamentals-of-graphic-design,Fundamentals of Graphic Design California Institute of the Arts
Introduction to User Experience Design,Georgia Institute of Technology,https://www.coursera.org/learn/user-experience-design,user-experience-design,Introduction to User Experience Design Georgia Institute of Technology
Introduction to Marketing,University of Pennsylvania,https://www.coursera.org/learn/wharton-marketing,wharton-marketing,Introduction to Marketing University of Pennsylvania
Python for Data Science and AI,IBM,https://www.coursera.org/learn/python-for-applied-data-science-ai,python-for-applied-data-science-ai,Python for Data Science and AI IBM
Marketing Analytics,University of Virginia,https://www.coursera.org/learn/uva-darden-market-analytics,uva-darden-market-analytics,Marketing Analytics University of Virginia
Natural Language Processing with Classification and Vector Spaces,DeepLearning.AI,https://www.coursera.org/learn/classification-vector-spaces-in-nlp,classification-vector-spaces-in-nlp,Natural Language Processing with Classification and Vector Spaces DeepLearning.AI
Fundamentals of Quantitative Modeling,University of Pennsylvania,https://www.coursera.org/learn/wharton-quantitative-modeling,wharton-quantitative-modeling,Fundamentals of Quantitative Modeling University of Pennsylvania
How to Manage a Remote Team,GitLab,https://www.coursera.org/learn/remote-team-management,remote-team-management,How to Manage a Remote Team GitLab
Mathematics for Machine Learning: Linear Algebra,Imperial College London,https://www.coursera.org/learn/linear-algebra-machine-learning,linear-algebra-machine-learning,Mathematics for Machine Learning: Linear Algebra Imperial College London
Introduction to Data Science in Python,University of Michigan,https://www.coursera.org/learn/python-data-analysis,python-data-analysis,Introduction to Data Science in Python University of Michigan
Customer Analytics,University of Pennsylvania,https://www.coursera.org/learn/wharton-customer-analytics,wharton-customer-analytics,Customer Analytics University of Pennsylvania
English for Career Development,University of Pennsylvania,https://www.coursera.org/learn/careerdevelopment,careerdevelopment,English for Career Development University of Pennsylvania
SQL for Data Science,"University of California, Davis",https://www.coursera.org/learn/sql-for-data-science,sql-for-data-science,"SQL for Data Science University of California, Davis"
Write Professional Emails in English,Georgia Institute of Technology,https://www.coursera.org/learn/professional-emails-english,professional-emails-english,Write Professional Emails in English Georgia Institute of Technology
System Administration and IT Infrastructure Services,Google,https://www.coursera.org/learn/system-administration-it-infrastructure-services,system-administration-it-infrastructure-services,System Administration and IT Infrastructure Services Google
Introduction to Social Media Marketing,Facebook,https://www.coursera.org/learn/social-media-marketing-introduction,social-media-marketing-introduction,Introduction to Social Media Marketing Facebook
Forensic Accounting and Fraud Examination,West Virginia University,https://www.coursera.org/learn/forensic-accounting,forensic-accounting,Forensic Accounting and Fraud Examination West Virginia University
Digital Product Management: Modern Fundamentals,University of Virginia,https://www.coursera.org/learn/uva-darden-digital-product-management,uva-darden-digital-product-management,Digital Product Management: Modern Fundamentals University of Virginia
Data Science Math Skills,Duke University,https://www.coursera.org/learn/datasciencemathskills,datasciencemathskills,Data Science Math Skills Duke University
Structuring Machine Learning Projects,DeepLearning.AI,https://www.coursera.org/learn/machine-learning-projects,machine-learning-projects,Structuring Machine Learning Projects DeepLearning.AI
The Strategy of Content Marketing,"University of California, Davis",https://www.coursera.org/learn/content-marketing,content-marketing,"The Strategy of Content Marketing University of California, Davis"
Introduction to Cybersecurity Tools & Cyber Attacks,IBM,https://www.coursera.org/learn/introduction-cybersecurity-cyber-attacks,introduction-cybersecurity-cyber-attacks,Introduction to Cybersecurity Tools & Cyber Attacks IBM
The Data Scientist’s Toolbox,Johns Hopkins University,https://www.coursera.org/learn/data-scientists-tools,data-scientists-tools,The Data Scientist’s Toolbox Johns Hopkins University
Convolutional Neural Networks in TensorFlow,DeepLearning.AI,https://www.coursera.org/learn/convolutional-neural-networks-tensorflow,convolutional-neural-networks-tensorflow,Convolutional Neural Networks in TensorFlow DeepLearning.AI
Convolutional Neural Networks,DeepLearning.AI,https://www.coursera.org/learn/convolutional-neural-networks,convolutional-neural-networks,Convolutional Neural Networks DeepLearning.AI
Using Python to Access Web Data,University of Michigan,https://www.coursera.org/learn/python-network-data,python-network-data,Using Python to Access Web Data University of Michigan
Introduction to Systematic Review and Meta-Analysis,Johns Hopkins University,https://www.coursera.org/learn/systematic-review,systematic-review,Introduction to Systematic Review and Meta-Analysis Johns Hopkins University
Organizational Analysis,Stanford University,https://www.coursera.org/learn/organizational-analysis,organizational-analysis,Organizational Analysis Stanford University
Communication Strategies for a Virtual Age,University of Toronto,https://www.coursera.org/learn/communication-strategies-virtual-age,communication-strategies-virtual-age,Communication Strategies for a Virtual Age University of Toronto
Managing the Company of the Future,London Business School,https://www.coursera.org/learn/company-future-management,company-future-management,Managing the Company of the Future London Business School
Finance for Non-Finance Professionals,Rice University,https://www.coursera.org/learn/finance-for-non-finance,finance-for-non-finance,Finance for Non-Finance Professionals Rice University
Site Reliability Engineering: Measuring and Managing Reliability,Google Cloud,https://www.coursera.org/learn/site-reliability-engineering-slos,site-reliability-engineering-slos,Site Reliability Engineering: Measuring and Managing Reliability Google Cloud
Data Science Methodology,IBM,https://www.coursera.org/learn/data-science-methodology,data-science-methodology,Data Science Methodology IBM
Introduction to Financial Accounting,University of Pennsylvania,https://www.coursera.org/learn/wharton-accounting,wharton-accounting,Introduction to Financial Accounting University of Pennsylvania
Marketing in a Digital World,University of Illinois at Urbana-Champaign,https://www.coursera.org/learn/marketing-digital,marketing-digital,Marketing in a Digital World University of Illinois at Urbana-Champaign
Principles of Sustainable Finance,Erasmus University Rotterdam,https://www.coursera.org/learn/sustainable-finance,sustainable-finance,Principles of Sustainable Finance Erasmus University Rotterdam
Financial Engineering and Risk Management Part I,Columbia University,https://www.coursera.org/learn/financial-engineering-1,financial-engineering-1,Financial Engineering and Risk Management Part I Columbia University
Business Metrics for Data-Driven Companies,Duke University,https://www.coursera.org/learn/analytics-business-metrics,analytics-business-metrics,Business Metrics for Data-Driven Companies Duke University
Python Basics,University of Michigan,https://www.coursera.org/learn/python-basics,python-basics,Python Basics University of Michigan
IT Security: Defense against the digital dark arts,Google,https://www.coursera.org/learn/it-security,it-security,IT Security: Defense against the digital dark arts Google
An Introduction to Consumer Neuroscience & Neuromarketing,Copenhagen Business School,https://www.coursera.org/learn/neuromarketing,neuromarketing,An Introduction to Consumer Neuroscience & Neuromarketing Copenhagen Business School
"Divide and Conquer, Sorting and Searching, and Randomized Algorithms",Stanford University,https://www.coursera.org/learn/algorithms-divide-conquer,algorithms-divide-conquer,"Divide and Conquer, Sorting and Searching, and Randomized Algorithms Stanford University"
Using Python to Interact with the Operating System,Google,https://www.coursera.org/learn/python-operating-system,python-operating-system,Using Python to Interact with the Operating System Google
Object-Oriented Data Structures in C++,University of Illinois at Urbana-Champaign,https://www.coursera.org/learn/cs-fundamentals-1,cs-fundamentals-1,Object-Oriented Data Structures in C++ University of Illinois at Urbana-Champaign
Google Cloud Platform Big Data and Machine Learning Fundamentals,Google Cloud,https://www.coursera.org/learn/gcp-big-data-ml-fundamentals,gcp-big-data-ml-fundamentals,Google Cloud Platform Big Data and Machine Learning Fundamentals Google Cloud
Databases and SQL for Data Science,IBM,https://www.coursera.org/learn/sql-data-science,sql-data-science,Databases and SQL for Data Science IBM
Natural Language Processing in TensorFlow,DeepLearning.AI,https://www.coursera.org/learn/natural-language-processing-tensorflow,natural-language-processing-tensorflow,Natural Language Processing in TensorFlow DeepLearning.AI
"Advanced Valuation and Strategy - M&A, Private Equity, and Venture Capital",Erasmus University Rotterdam,https://www.coursera.org/learn/advanced-valuation-and-strategy,advanced-valuation-and-strategy,"Advanced Valuation and Strategy - M&A, Private Equity, and Venture Capital Erasmus University Rotterdam"
Natural Language Processing with Probabilistic Models,DeepLearning.AI,https://www.coursera.org/learn/probabilistic-models-in-nlp,probabilistic-models-in-nlp,Natural Language Processing with Probabilistic Models DeepLearning.AI
IBM Customer Engagement Specialist Professional Certificate,IBM,https://www.coursera.org/learn/ibm-customer-engagement-specialist,ibm-customer-engagement-specialist,IBM Customer Engagement Specialist Professional Certificate IBM
Camino a la Excelencia en Gestión de Proyectos,Pontificia Universidad Católica de Chile,https://www.coursera.org/learn/camino-excelencia-gestion-proyectos,camino-excelencia-gestion-proyectos,Camino a la Excelencia en Gestión de Proyectos Pontificia Universidad Católica de Chile
Introduction to HTML5,University of Michigan,https://www.coursera.org/learn/html,html,Introduction to HTML5 University of Michigan
Wine Tasting: Sensory Techniques for Wine Analysis,"University of California, Davis",https://www.coursera.org/learn/wine,wine,"Wine Tasting: Sensory Techniques for Wine Analysis University of California, Davis"
Excel Skills for Business: Intermediate I,Macquarie University,https://www.coursera.org/learn/excel-intermediate-1,excel-intermediate-1,Excel Skills for Business: Intermediate I Macquarie University
"Programming Foundations with JavaScript, HTML and CSS",Duke University,https://www.coursera.org/learn/duke-programming-web,duke-programming-web,"Programming Foundations with JavaScript, HTML and CSS Duke University"
Build a Modern Computer from First Principles: From Nand to Tetris (Project-Centered Course),Hebrew University of Jerusalem,https://www.coursera.org/learn/build-a-computer,build-a-computer,Build a Modern Computer from First Principles: From Nand to Tetris (Project-Centered Course) Hebrew University of Jerusalem
Food & Beverage Management,Università Bocconi,https://www.coursera.org/learn/food-beverage-management,food-beverage-management,Food & Beverage Management Università Bocconi
Data Analysis with Python,IBM,https://www.coursera.org/learn/data-analysis-with-python,data-analysis-with-python,Data Analysis with Python IBM
Project Planning,"University of California, Irvine",https://www.coursera.org/learn/project-planning-1,project-planning-1,"Project Planning University of California, Irvine"
Agile Meets Design Thinking,University of Virginia,https://www.coursera.org/learn/uva-darden-getting-started-agile,uva-darden-getting-started-agile,Agile Meets Design Thinking University of Virginia
AWS Fundamentals: Going Cloud-Native,Amazon Web Services,https://www.coursera.org/learn/aws-fundamentals-going-cloud-native,aws-fundamentals-going-cloud-native,AWS Fundamentals: Going Cloud-Native Amazon Web Services
Construction Project Management,Columbia University,https://www.coursera.org/learn/construction-project-management,construction-project-management,Construction Project Management Columbia University
Machine Learning with Python,IBM,https://www.coursera.org/learn/machine-learning-with-python,machine-learning-with-python,Machine Learning with Python IBM
Data Management for Clinical Research,Vanderbilt University,https://www.coursera.org/learn/clinical-data-management,clinical-data-management,Data Management for Clinical Research Vanderbilt University
Foundations of Data Science: K-Means Clustering in Python,University of London,https://www.coursera.org/learn/data-science-k-means-clustering-python,data-science-k-means-clustering-python,Foundations of Data Science: K-Means Clustering in Python University of London
Instructional Design Foundations and Applications,University of Illinois at Urbana-Champaign,https://www.coursera.org/learn/instructional-design-foundations-applications,instructional-design-foundations-applications,Instructional Design Foundations and Applications University of Illinois at Urbana-Champaign
"Speak English Professionally: In Person, Online & On the Phone",Georgia Institute of Technology,https://www.coursera.org/learn/speak-english-professionally,speak-english-professionally,"Speak English Professionally: In Person, Online & On the Phone Georgia Institute of Technology"
Essential Google Cloud Infrastructure: Foundation,Google Cloud,https://www.coursera.org/learn/gcp-infrastructure-foundation,gcp-infrastructure-foundation,Essential Google Cloud Infrastructure: Foundation Google Cloud
Introduction to Artificial Intelligence (AI),IBM,https://www.coursera.org/learn/introduction-to-ai,introduction-to-ai,Introduction to Artificial Intelligence (AI) IBM
International Leadership and Organizational Behavior,Università Bocconi,https://www.coursera.org/learn/organizational-behavior,organizational-behavior,International Leadership and Organizational Behavior Università Bocconi
Driving business towards the Sustainable Development Goals,Erasmus University Rotterdam,https://www.coursera.org/learn/sdgbusiness,sdgbusiness,Driving business towards the Sustainable Development Goals Erasmus University Rotterdam
Devenir entrepreneur du changement,HEC Paris,https://www.coursera.org/learn/entrepreneur-changement,entrepreneur-changement,Devenir entrepreneur du changement HEC Paris
Entrepreneurship 1: Developing the Opportunity,University of Pennsylvania,https://www.coursera.org/learn/wharton-entrepreneurship-opportunity,wharton-entrepreneurship-opportunity,Entrepreneurship 1: Developing the Opportunity University of Pennsylvania
Circular Economy - Sustainable Materials Management,Delft University of Technology,https://www.coursera.org/learn/circular-economy,circular-economy,Circular Economy - Sustainable Materials Management Delft University of Technology
R Programming,Johns Hopkins University,https://www.coursera.org/learn/r-programming,r-programming,R Programming Johns Hopkins University
Economics of Money and Banking,Columbia University,https://www.coursera.org/learn/money-banking,money-banking,Economics of Money and Banking Columbia University
The Power of Macroeconomics: Economic Principles in the Real World,"University of California, Irvine",https://www.coursera.org/learn/principles-of-macroeconomics,principles-of-macroeconomics,"The Power of Macroeconomics: Economic Principles in the Real World University of California, Irvine"
Behavioral Finance,Duke University,https://www.coursera.org/learn/duke-behavioral-finance,duke-behavioral-finance,Behavioral Finance Duke University
Project Execution,"University of California, Irvine",https://www.coursera.org/learn/project-execution,project-execution,"Project Execution University of California, Irvine"
Microeconomics Principles,University of Illinois at Urbana-Champaign,https://www.coursera.org/learn/microeconomics,microeconomics,Microeconomics Principles University of Illinois at Urbana-Champaign
Design Thinking for Innovation,University of Virginia,https://www.coursera.org/learn/uva-darden-design-thinking-innovation,uva-darden-design-thinking-innovation,Design Thinking for Innovation University of Virginia
Financial Accounting Fundamentals,University of Virginia,https://www.coursera.org/learn/uva-darden-financial-accounting,uva-darden-financial-accounting,Financial Accounting Fundamentals University of Virginia
Understanding Clinical Research: Behind the Statistics,University of Cape Town,https://www.coursera.org/learn/clinical-research,clinical-research,Understanding Clinical Research: Behind the Statistics University of Cape Town
Fashion as Design,The Museum of Modern Art,https://www.coursera.org/learn/fashion-design,fashion-design,Fashion as Design The Museum of Modern Art
Teamwork Skills: Communicating Effectively in Groups,University of Colorado Boulder,https://www.coursera.org/learn/teamwork-skills-effective-communication,teamwork-skills-effective-communication,Teamwork Skills: Communicating Effectively in Groups University of Colorado Boulder
International Organizations Management,University of Geneva,https://www.coursera.org/learn/international-organizations-management,international-organizations-management,International Organizations Management University of Geneva
Marketing Digital,Universidade de São Paulo,https://www.coursera.org/learn/estrategia-marketing-digital,estrategia-marketing-digital,Marketing Digital Universidade de São Paulo
"Excel/VBA for Creative Problem Solving, Part 1",University of Colorado Boulder,https://www.coursera.org/learn/excel-vba-for-creative-problem-solving-part-1,excel-vba-for-creative-problem-solving-part-1,"Excel/VBA for Creative Problem Solving, Part 1 University of Colorado Boulder"
Introduction to Probability and Data with R,Duke University,https://www.coursera.org/learn/probability-intro,probability-intro,Introduction to Probability and Data with R Duke University
Understanding and Visualizing Data with Python,University of Michigan,https://www.coursera.org/learn/understanding-visualization-data,understanding-visualization-data,Understanding and Visualizing Data with Python University of Michigan
Fundamentals of Visualization with Tableau,"University of California, Davis",https://www.coursera.org/learn/data-visualization-tableau,data-visualization-tableau,"Fundamentals of Visualization with Tableau University of California, Davis"
Getting Started with SAS Programming,SAS,https://www.coursera.org/learn/sas-programming-basics,sas-programming-basics,Getting Started with SAS Programming SAS
Machine Learning for All,University of London,https://www.coursera.org/learn/uol-machine-learning-for-all,uol-machine-learning-for-all,Machine Learning for All University of London
Using Databases with Python,University of Michigan,https://www.coursera.org/learn/python-databases,python-databases,Using Databases with Python University of Michigan
Sports Marketing,Northwestern University,https://www.coursera.org/learn/sports-marketing,sports-marketing,Sports Marketing Northwestern University
Introduction to Programming with MATLAB,Vanderbilt University,https://www.coursera.org/learn/matlab,matlab,Introduction to Programming with MATLAB Vanderbilt University
Preparing to Manage Human Resources,University of Minnesota,https://www.coursera.org/learn/managing-human-resources,managing-human-resources,Preparing to Manage Human Resources University of Minnesota
Building Scalable Java Microservices with Spring Boot and Spring Cloud,Google Cloud,https://www.coursera.org/learn/google-cloud-java-spring,google-cloud-java-spring,Building Scalable Java Microservices with Spring Boot and Spring Cloud Google Cloud
Google Cloud Product Fundamentals,Google Cloud,https://www.coursera.org/learn/google-cloud-product-fundamentals,google-cloud-product-fundamentals,Google Cloud Product Fundamentals Google Cloud
Engineering Health: Introduction to Yoga and Physiology,New York University,https://www.coursera.org/learn/engineering-health-yoga-physiology,engineering-health-yoga-physiology,Engineering Health: Introduction to Yoga and Physiology New York University
AI for Medical Diagnosis,DeepLearning.AI,https://www.coursera.org/learn/ai-for-medical-diagnosis,ai-for-medical-diagnosis,AI for Medical Diagnosis DeepLearning.AI
Natural Language Processing with Sequence Models,DeepLearning.AI,https://www.coursera.org/learn/sequence-models-in-nlp,sequence-models-in-nlp,Natural Language Processing with Sequence Models DeepLearning.AI
Innovation Management,Erasmus University Rotterdam,https://www.coursera.org/learn/innovation-management,innovation-management,Innovation Management Erasmus University Rotterdam
The Manager's Toolkit: A Practical Guide to Managing People at Work,"Birkbeck, University of London",https://www.coursera.org/learn/people-management,people-management,"The Manager's Toolkit: A Practical Guide to Managing People at Work Birkbeck, University of London"
Essential Google Cloud Infrastructure: Core Services,Google Cloud,https://www.coursera.org/learn/gcp-infrastructure-core-services,gcp-infrastructure-core-services,Essential Google Cloud Infrastructure: Core Services Google Cloud
Weight Management: Beyond Balancing Calories,Emory University,https://www.coursera.org/learn/weight-management-beyond-balancing-calories,weight-management-beyond-balancing-calories,Weight Management: Beyond Balancing Calories Emory University
Java Programming: Solving Problems with Software,Duke University,https://www.coursera.org/learn/java-programming,java-programming,Java Programming: Solving Problems with Software Duke University
"Competencias digitales. Herramientas de ofimática (Microsoft Word, Excel, Power Point)",Universitat Autònoma de Barcelona,https://www.coursera.org/learn/competencias-digitales-ofimatica,competencias-digitales-ofimatica,"Competencias digitales. Herramientas de ofimática (Microsoft Word, Excel, Power Point) Universitat Autònoma de Barcelona"
People Analytics,University of Pennsylvania,https://www.coursera.org/learn/wharton-people-analytics,wharton-people-analytics,People Analytics University of Pennsylvania
UX Design Fundamentals,California Institute of the Arts,https://www.coursera.org/learn/ux-design-fundamentals,ux-design-fundamentals,UX Design Fundamentals California Institute of the Arts
Investment Management in an Evolving and Volatile World by HEC Paris and AXA Investment Managers,HEC Paris,https://www.coursera.org/learn/investment-management,investment-management,Investment Management in an Evolving and Volatile World by HEC Paris and AXA Investment Managers HEC Paris
Introduction to Data Analysis Using Excel,Rice University,https://www.coursera.org/learn/excel-data-analysis,excel-data-analysis,Introduction to Data Analysis Using Excel Rice University
Mind Control: Managing Your Mental Health During COVID-19,University of Toronto,https://www.coursera.org/learn/manage-health-covid-19,manage-health-covid-19,Mind Control: Managing Your Mental Health During COVID-19 University of Toronto
Politics and Economics of International Energy,Sciences Po,https://www.coursera.org/learn/global-energy,global-energy,Politics and Economics of International Energy Sciences Po
Continuous Delivery & DevOps,University of Virginia,https://www.coursera.org/learn/uva-darden-continous-delivery-devops,uva-darden-continous-delivery-devops,Continuous Delivery & DevOps University of Virginia
Business Model Innovation,HEC Paris,https://www.coursera.org/learn/business-model,business-model,Business Model Innovation HEC Paris
Introduction to User Experience Principles and Processes,University of Michigan,https://www.coursera.org/learn/introtoux-principles-and-processes,introtoux-principles-and-processes,Introduction to User Experience Principles and Processes University of Michigan
Process Mining: Data science in Action,Eindhoven University of Technology,https://www.coursera.org/learn/process-mining,process-mining,Process Mining: Data science in Action Eindhoven University of Technology
Introduction to Corporate Finance,University of Pennsylvania,https://www.coursera.org/learn/wharton-finance,wharton-finance,Introduction to Corporate Finance University of Pennsylvania
Algorithmic Toolbox,University of California San Diego,https://www.coursera.org/learn/algorithmic-toolbox,algorithmic-toolbox,Algorithmic Toolbox University of California San Diego
A Crash Course in Causality:  Inferring Causal Effects from Observational Data,University of Pennsylvania,https://www.coursera.org/learn/crash-course-in-causality,crash-course-in-causality,A Crash Course in Causality:  Inferring Causal Effects from Observational Data University of Pennsylvania
English for Business and Entrepreneurship,University of Pennsylvania,https://www.coursera.org/learn/business,business,English for Business and Entrepreneurship University of Pennsylvania
Natural Language Processing with Attention Models,DeepLearning.AI,https://www.coursera.org/learn/attention-models-in-nlp,attention-models-in-nlp,Natural Language Processing with Attention Models DeepLearning.AI
Data Visualization with Python,IBM,https://www.coursera.org/learn/python-for-data-visualization,python-for-data-visualization,Data Visualization with Python IBM
Data-driven Decision Making,PwC,https://www.coursera.org/learn/decision-making,decision-making,Data-driven Decision Making PwC
Fundamentals of Engineering Exam Review,Georgia Institute of Technology,https://www.coursera.org/learn/fe-exam,fe-exam,Fundamentals of Engineering Exam Review Georgia Institute of Technology
Managerial Accounting Fundamentals,University of Virginia,https://www.coursera.org/learn/uva-darden-managerial-accounting,uva-darden-managerial-accounting,Managerial Accounting Fundamentals University of Virginia
International Security Management,Erasmus University Rotterdam,https://www.coursera.org/learn/international-security-management,international-security-management,International Security Management Erasmus University Rotterdam
Getting Started with AWS Machine Learning,Amazon Web Services,https://www.coursera.org/learn/aws-machine-learning,aws-machine-learning,Getting Started with AWS Machine Learning Amazon Web Services
Arts and Heritage Management,Università Bocconi,https://www.coursera.org/learn/arts-heritage,arts-heritage,Arts and Heritage Management Università Bocconi
Equine Welfare and Management,"University of California, Davis",https://www.coursera.org/learn/equine,equine,"Equine Welfare and Management University of California, Davis"
Introduction to Web Development,"University of California, Davis",https://www.coursera.org/learn/web-development,web-development,"Introduction to Web Development University of California, Davis"
Engineering Project Management: Initiating and Planning,Rice University,https://www.coursera.org/learn/initiating-planning,initiating-planning,Engineering Project Management: Initiating and Planning Rice University
Kotlin for Java Developers,JetBrains,https://www.coursera.org/learn/kotlin-for-java-developers,kotlin-for-java-developers,Kotlin for Java Developers JetBrains
Mathematics for Machine Learning: Multivariate Calculus,Imperial College London,https://www.coursera.org/learn/multivariate-calculus-machine-learning,multivariate-calculus-machine-learning,Mathematics for Machine Learning: Multivariate Calculus Imperial College London
Introducción a la programación en Python I: Aprendiendo a programar con Python,Pontificia Universidad Católica de Chile,https://www.coursera.org/learn/aprendiendo-programar-python,aprendiendo-programar-python,Introducción a la programación en Python I: Aprendiendo a programar con Python Pontificia Universidad Católica de Chile
Modernizing Data Lakes and Data Warehouses with GCP,Google Cloud,https://www.coursera.org/learn/data-lakes-data-warehouses-gcp,data-lakes-data-warehouses-gcp,Modernizing Data Lakes and Data Warehouses with GCP Google Cloud
Financial Acumen for Non-Financial Managers,University of Pennsylvania,https://www.coursera.org/learn/finance-healthcare-managers,finance-healthcare-managers,Financial Acumen for Non-Financial Managers University of Pennsylvania
Python and Statistics for Financial Analysis,The Hong Kong University of Science and Technology,https://www.coursera.org/learn/python-statistics-financial-analysis,python-statistics-financial-analysis,Python and Statistics for Financial Analysis The Hong Kong University of Science and Technology
Autodesk Certified Professional: Revit for Architectural Design Exam Prep,Autodesk,https://www.coursera.org/learn/autodesk-revit-architectural-design,autodesk-revit-architectural-design,Autodesk Certified Professional: Revit for Architectural Design Exam Prep Autodesk
"Leading for Equity, Diversity and Inclusion in Higher Education",University of Michigan,https://www.coursera.org/learn/leading-for-equity-diversity-inclusion,leading-for-equity-diversity-inclusion,"Leading for Equity, Diversity and Inclusion in Higher Education University of Michigan"
Digital Media and Marketing Strategies,University of Illinois at Urbana-Champaign,https://www.coursera.org/learn/marketing-plan,marketing-plan,Digital Media and Marketing Strategies University of Illinois at Urbana-Champaign
Budgeting and Scheduling Projects,"University of California, Irvine",https://www.coursera.org/learn/schedule-projects,schedule-projects,"Budgeting and Scheduling Projects University of California, Irvine"
Machine Learning for Business Professionals,Google Cloud,https://www.coursera.org/learn/machine-learning-business-professionals,machine-learning-business-professionals,Machine Learning for Business Professionals Google Cloud
Introduction to Accounting Data Analytics and Visualization,University of Illinois at Urbana-Champaign,https://www.coursera.org/learn/intro-accounting-data-analytics-visual,intro-accounting-data-analytics-visual,Introduction to Accounting Data Analytics and Visualization University of Illinois at Urbana-Champaign
Financing and Investing in Infrastructure,Università Bocconi,https://www.coursera.org/learn/infrastructure-investing,infrastructure-investing,Financing and Investing in Infrastructure Università Bocconi
Global Environmental Management,Technical University of Denmark (DTU),https://www.coursera.org/learn/global-environmental-management,global-environmental-management,Global Environmental Management Technical University of Denmark (DTU)
Operations Analytics,University of Pennsylvania,https://www.coursera.org/learn/wharton-operations-analytics,wharton-operations-analytics,Operations Analytics University of Pennsylvania
Entrepreneurship Strategy: From Ideation to Exit,HEC Paris,https://www.coursera.org/learn/entrepreneurship-strategy,entrepreneurship-strategy,Entrepreneurship Strategy: From Ideation to Exit HEC Paris
The Art of Music Production,Berklee College of Music,https://www.coursera.org/learn/producing-music,producing-music,The Art of Music Production Berklee College of Music
Bayesian Statistics: From Concept to Data Analysis,"University of California, Santa Cruz",https://www.coursera.org/learn/bayesian-statistics,bayesian-statistics,"Bayesian Statistics: From Concept to Data Analysis University of California, Santa Cruz"
Introduction to Data Analytics,IBM,https://www.coursera.org/learn/introduction-to-data-analytics,introduction-to-data-analytics,Introduction to Data Analytics IBM
Fundamentos de Excel para Negocios,Universidad Austral,https://www.coursera.org/learn/excel-para-negocios,excel-para-negocios,Fundamentos de Excel para Negocios Universidad Austral
Elastic Google Cloud Infrastructure: Scaling and Automation,Google Cloud,https://www.coursera.org/learn/gcp-infrastructure-scaling-automation,gcp-infrastructure-scaling-automation,Elastic Google Cloud Infrastructure: Scaling and Automation Google Cloud
Introduction to Engineering Mechanics,Georgia Institute of Technology,https://www.coursera.org/learn/engineering-mechanics-statics,engineering-mechanics-statics,Introduction to Engineering Mechanics Georgia Institute of Technology
Design-Led Strategy: Design thinking for business strategy and entrepreneurship,The University of Sydney,https://www.coursera.org/learn/design-strategy,design-strategy,Design-Led Strategy: Design thinking for business strategy and entrepreneurship The University of Sydney
Biology Meets Programming: Bioinformatics for Beginners,University of California San Diego,https://www.coursera.org/learn/bioinformatics,bioinformatics,Biology Meets Programming: Bioinformatics for Beginners University of California San Diego
Ordered Data Structures,University of Illinois at Urbana-Champaign,https://www.coursera.org/learn/cs-fundamentals-2,cs-fundamentals-2,Ordered Data Structures University of Illinois at Urbana-Champaign
Programming Fundamentals,Duke University,https://www.coursera.org/learn/programming-fundamentals,programming-fundamentals,Programming Fundamentals Duke University
Understanding Financial Markets,University of Geneva,https://www.coursera.org/learn/understanding-financial-markets,understanding-financial-markets,Understanding Financial Markets University of Geneva
Introduction to Software Product Management,University of Alberta,https://www.coursera.org/learn/introduction-to-software-product-management,introduction-to-software-product-management,Introduction to Software Product Management University of Alberta
Excel Skills for Business: Intermediate II,Macquarie University,https://www.coursera.org/learn/excel-intermediate-2,excel-intermediate-2,Excel Skills for Business: Intermediate II Macquarie University
Business Writing,University of Colorado Boulder,https://www.coursera.org/learn/writing-for-business,writing-for-business,Business Writing University of Colorado Boulder
Autodesk Certified Professional: AutoCAD for Design and Drafting Exam Prep,Autodesk,https://www.coursera.org/learn/autodesk-autocad-design-drafting,autodesk-autocad-design-drafting,Autodesk Certified Professional: AutoCAD for Design and Drafting Exam Prep Autodesk
Business English: Networking,University of Washington,https://www.coursera.org/learn/business-english-intro,business-english-intro,Business English: Networking University of Washington
Summary Statistics in Public Health,Johns Hopkins University,https://www.coursera.org/learn/summary-statistics,summary-statistics,Summary Statistics in Public Health Johns Hopkins University
Probability and Statistics: To p or not to p?,University of London,https://www.coursera.org/learn/probability-statistics,probability-statistics,Probability and Statistics: To p or not to p? University of London
Mastering Data Analysis in Excel,Duke University,https://www.coursera.org/learn/analytics-excel,analytics-excel,Mastering Data Analysis in Excel Duke University
Basic Statistics,University of Amsterdam,https://www.coursera.org/learn/basic-statistics,basic-statistics,Basic Statistics University of Amsterdam
"Capstone: Retrieving, Processing, and Visualizing Data with Python",University of Michigan,https://www.coursera.org/learn/python-data-visualization,python-data-visualization,"Capstone: Retrieving, Processing, and Visualizing Data with Python University of Michigan"
Design Thinking for the Greater Good: Innovation in the Social Sector,University of Virginia,https://www.coursera.org/learn/uva-darden-design-thinking-social-sector,uva-darden-design-thinking-social-sector,Design Thinking for the Greater Good: Innovation in the Social Sector University of Virginia
Introduction to Portfolio Construction and Analysis with Python,EDHEC Business School,https://www.coursera.org/learn/introduction-portfolio-construction-python,introduction-portfolio-construction-python,Introduction to Portfolio Construction and Analysis with Python EDHEC Business School
Data Analytics for Lean Six Sigma,University of Amsterdam,https://www.coursera.org/learn/data-analytics-for-lean-six-sigma,data-analytics-for-lean-six-sigma,Data Analytics for Lean Six Sigma University of Amsterdam
Building Containerized Applications on AWS,Amazon Web Services,https://www.coursera.org/learn/containerized-apps-on-aws,containerized-apps-on-aws,Building Containerized Applications on AWS Amazon Web Services
Business Transformation with Google Cloud,Google Cloud,https://www.coursera.org/learn/business-transformation-google-cloud,business-transformation-google-cloud,Business Transformation with Google Cloud Google Cloud
Excel aplicado a los negocios (Nivel Avanzado),Universidad Austral,https://www.coursera.org/learn/excel-aplicado-negocios-avanzado,excel-aplicado-negocios-avanzado,Excel aplicado a los negocios (Nivel Avanzado) Universidad Austral
Managing Project Risks and Changes,"University of California, Irvine",https://www.coursera.org/learn/project-risk-management,project-risk-management,"Managing Project Risks and Changes University of California, Irvine"
L'excellence opérationnelle en pratique,ESSEC Business School,https://www.coursera.org/learn/excellence-operationnelle,excellence-operationnelle,L'excellence opérationnelle en pratique ESSEC Business School
Introduction to Cloud Computing,IBM,https://www.coursera.org/learn/introduction-to-cloud,introduction-to-cloud,Introduction to Cloud Computing IBM
Functional Programming Principles in Scala,École Polytechnique Fédérale de Lausanne,https://www.coursera.org/learn/progfun1,progfun1,Functional Programming Principles in Scala École Polytechnique Fédérale de Lausanne
"Python Functions, Files, and Dictionaries",University of Michigan,https://www.coursera.org/learn/python-functions-files-dictionaries,python-functions-files-dictionaries,"Python Functions, Files, and Dictionaries University of Michigan"
Introduction to Embedded Systems Software and Development Environments,University of Colorado Boulder,https://www.coursera.org/learn/introduction-embedded-systems,introduction-embedded-systems,Introduction to Embedded Systems Software and Development Environments University of Colorado Boulder
Personal & Family Financial Planning,University of Florida,https://www.coursera.org/learn/family-planning,family-planning,Personal & Family Financial Planning University of Florida
Introducción a Data Science: Programación Estadística con R,Universidad Nacional Autónoma de México,https://www.coursera.org/learn/intro-data-science-programacion-estadistica-r,intro-data-science-programacion-estadistica-r,Introducción a Data Science: Programación Estadística con R Universidad Nacional Autónoma de México
"Cybersecurity Roles, Processes & Operating System Security",IBM,https://www.coursera.org/learn/cybersecurity-roles-processes-operating-system-security,cybersecurity-roles-processes-operating-system-security,"Cybersecurity Roles, Processes & Operating System Security IBM"
Computational Neuroscience,University of Washington,https://www.coursera.org/learn/computational-neuroscience,computational-neuroscience,Computational Neuroscience University of Washington
Smart Cities – Management of Smart Urban Infrastructures,École Polytechnique Fédérale de Lausanne,https://www.coursera.org/learn/smart-cities,smart-cities,Smart Cities – Management of Smart Urban Infrastructures École Polytechnique Fédérale de Lausanne
Probabilistic Graphical Models 1: Representation,Stanford University,https://www.coursera.org/learn/probabilistic-graphical-models,probabilistic-graphical-models,Probabilistic Graphical Models 1: Representation Stanford University
The Power of Microeconomics: Economic Principles in the Real World,"University of California, Irvine",https://www.coursera.org/learn/principles-of-microeconomics,principles-of-microeconomics,"The Power of Microeconomics: Economic Principles in the Real World University of California, Irvine"
Mathematical Thinking in Computer Science,University of California San Diego,https://www.coursera.org/learn/what-is-a-proof,what-is-a-proof,Mathematical Thinking in Computer Science University of California San Diego
Основы программирования на Python,National Research University Higher School of Economics,https://www.coursera.org/learn/python-osnovy-programmirovaniya,python-osnovy-programmirovaniya,Основы программирования на Python National Research University Higher School of Economics
Improving Communication Skills,University of Pennsylvania,https://www.coursera.org/learn/wharton-communication-skills,wharton-communication-skills,Improving Communication Skills University of Pennsylvania
"Introduction to Trading, Machine Learning & GCP",New York Institute of Finance,https://www.coursera.org/learn/introduction-trading-machine-learning-gcp,introduction-trading-machine-learning-gcp,"Introduction to Trading, Machine Learning & GCP New York Institute of Finance"
Python Programming: A Concise Introduction,Wesleyan University,https://www.coursera.org/learn/python-programming-introduction,python-programming-introduction,Python Programming: A Concise Introduction Wesleyan University
Excel Fundamentals for Data Analysis,Macquarie University,https://www.coursera.org/learn/excel-data-analysis-fundamentals,excel-data-analysis-fundamentals,Excel Fundamentals for Data Analysis Macquarie University
Career 911: Your Future Job in Medicine and Healthcare,Northwestern University,https://www.coursera.org/learn/healthcarejobs,healthcarejobs,Career 911: Your Future Job in Medicine and Healthcare Northwestern University
Foundations of Business Strategy,University of Virginia,https://www.coursera.org/learn/uva-darden-foundations-business-strategy,uva-darden-foundations-business-strategy,Foundations of Business Strategy University of Virginia
Introdução à Ciência da Computação com Python Parte 1,Universidade de São Paulo,https://www.coursera.org/learn/ciencia-computacao-python-conceitos,ciencia-computacao-python-conceitos,Introdução à Ciência da Computação com Python Parte 1 Universidade de São Paulo
Foundations for Big Data Analysis with SQL,Cloudera,https://www.coursera.org/learn/foundations-big-data-analysis-sql,foundations-big-data-analysis-sql,Foundations for Big Data Analysis with SQL Cloudera
"Innovation Through Design: Think, Make, Break, Repeat",The University of Sydney,https://www.coursera.org/learn/innovation-through-design,innovation-through-design,"Innovation Through Design: Think, Make, Break, Repeat The University of Sydney"
Getting Started with Azure,LearnQuest,https://www.coursera.org/learn/cloud-azure-intro,cloud-azure-intro,Getting Started with Azure LearnQuest
Aprendiendo a aprender: Poderosas herramientas mentales con las que podrás dominar temas difíciles (Learning How to Learn),University of California San Diego,https://www.coursera.org/learn/aprendiendo-a-aprender,aprendiendo-a-aprender,Aprendiendo a aprender: Poderosas herramientas mentales con las que podrás dominar temas difíciles (Learning How to Learn) University of California San Diego
Building Batch Data Pipelines on GCP,Google Cloud,https://www.coursera.org/learn/batch-data-pipelines-gcp,batch-data-pipelines-gcp,Building Batch Data Pipelines on GCP Google Cloud
Financial Planning for Young Adults,University of Illinois at Urbana-Champaign,https://www.coursera.org/learn/financial-planning,financial-planning,Financial Planning for Young Adults University of Illinois at Urbana-Champaign
Quantitative Methods,University of Amsterdam,https://www.coursera.org/learn/quantitative-methods,quantitative-methods,Quantitative Methods University of Amsterdam
The Technology of Music Production,Berklee College of Music,https://www.coursera.org/learn/technology-of-music-production,technology-of-music-production,The Technology of Music Production Berklee College of Music
Code Yourself! An Introduction to Programming,The University of Edinburgh,https://www.coursera.org/learn/intro-programming,intro-programming,Code Yourself! An Introduction to Programming The University of Edinburgh
Fundamentals of Finance,University of Pennsylvania,https://www.coursera.org/learn/finance-fundamentals,finance-fundamentals,Fundamentals of Finance University of Pennsylvania
How Google does Machine Learning,Google Cloud,https://www.coursera.org/learn/google-machine-learning,google-machine-learning,How Google does Machine Learning Google Cloud
Object-Oriented Design,University of Alberta,https://www.coursera.org/learn/object-oriented-design,object-oriented-design,Object-Oriented Design University of Alberta
Cost and Economics in Pricing Strategy,BCG,https://www.coursera.org/learn/uva-darden-bcg-pricing-strategy-cost-economics,uva-darden-bcg-pricing-strategy-cost-economics,Cost and Economics in Pricing Strategy BCG
Marketing Gerencial,Universidad de Chile,https://www.coursera.org/learn/marketing-gerencial,marketing-gerencial,Marketing Gerencial Universidad de Chile
Corporate Finance Essentials,IESE Business School,https://www.coursera.org/learn/corporate-finance-essentials,corporate-finance-essentials,Corporate Finance Essentials IESE Business School
Information Security: Context and Introduction,"Royal Holloway, University of London",https://www.coursera.org/learn/information-security-data,information-security-data,"Information Security: Context and Introduction Royal Holloway, University of London"
Introduction to CSS3,University of Michigan,https://www.coursera.org/learn/introcss,introcss,Introduction to CSS3 University of Michigan
Applied Data Science Capstone,IBM,https://www.coursera.org/learn/applied-data-science-capstone,applied-data-science-capstone,Applied Data Science Capstone IBM
Introduction aux Droits de l’Homme,University of Geneva,https://www.coursera.org/learn/droits-de-lhomme,droits-de-lhomme,Introduction aux Droits de l’Homme University of Geneva
"Programming Languages, Part A",University of Washington,https://www.coursera.org/learn/programming-languages,programming-languages,"Programming Languages, Part A University of Washington"
Leadership in 21st Century Organizations,Copenhagen Business School,https://www.coursera.org/learn/leadership-21st-century,leadership-21st-century,Leadership in 21st Century Organizations Copenhagen Business School
Software Processes and Agile Practices,University of Alberta,https://www.coursera.org/learn/software-processes-and-agile-practices,software-processes-and-agile-practices,Software Processes and Agile Practices University of Alberta
DevOps Culture and Mindset,"University of California, Davis",https://www.coursera.org/learn/devops-culture-and-mindset,devops-culture-and-mindset,"DevOps Culture and Mindset University of California, Davis"
Introduction to Statistics & Data Analysis in Public Health,Imperial College London,https://www.coursera.org/learn/introduction-statistics-data-analysis-public-health,introduction-statistics-data-analysis-public-health,Introduction to Statistics & Data Analysis in Public Health Imperial College London
COVID-19 Contact Tracing For Nursing Professionals,University of Houston,https://www.coursera.org/learn/covid-19-contact-tracing-for-nursing-professionals,covid-19-contact-tracing-for-nursing-professionals,COVID-19 Contact Tracing For Nursing Professionals University of Houston
High Stakes Leadership: Leading in Times of Crisis,University of Michigan,https://www.coursera.org/learn/high-stakes-leadership,high-stakes-leadership,High Stakes Leadership: Leading in Times of Crisis University of Michigan
AWS Fundamentals: Addressing Security Risk,Amazon Web Services,https://www.coursera.org/learn/aws-fundamentals-addressing-security-risk,aws-fundamentals-addressing-security-risk,AWS Fundamentals: Addressing Security Risk Amazon Web Services
Spanish for Successful Communication in Healthcare Settings,Rice University,https://www.coursera.org/learn/spanish-in-healthcare-settings,spanish-in-healthcare-settings,Spanish for Successful Communication in Healthcare Settings Rice University
Leading transformations: Manage change,Macquarie University,https://www.coursera.org/learn/change-management,change-management,Leading transformations: Manage change Macquarie University
Introduction to Systems Engineering,UNSW Sydney (The University of New South Wales),https://www.coursera.org/learn/systems-engineering,systems-engineering,Introduction to Systems Engineering UNSW Sydney (The University of New South Wales)
Digital Marketing Analytics in Theory,University of Illinois at Urbana-Champaign,https://www.coursera.org/learn/marketing-analytics,marketing-analytics,Digital Marketing Analytics in Theory University of Illinois at Urbana-Champaign
Data Visualization and Communication with Tableau,Duke University,https://www.coursera.org/learn/analytics-tableau,analytics-tableau,Data Visualization and Communication with Tableau Duke University
Bayesian Statistics: Techniques and Models,"University of California, Santa Cruz",https://www.coursera.org/learn/mcmc-bayesian-statistics,mcmc-bayesian-statistics,"Bayesian Statistics: Techniques and Models University of California, Santa Cruz"
Introduction to Computers and Office Productivity Software,The Hong Kong University of Science and Technology,https://www.coursera.org/learn/introduction-to-computers-and-office-productivity-software,introduction-to-computers-and-office-productivity-software,Introduction to Computers and Office Productivity Software The Hong Kong University of Science and Technology
Intercultural Management,ESCP Business School,https://www.coursera.org/learn/intercultural,intercultural,Intercultural Management ESCP Business School
Global Financial Markets and Instruments,Rice University,https://www.coursera.org/learn/global-financial-markets-instruments,global-financial-markets-instruments,Global Financial Markets and Instruments Rice University
"Applied Plotting, Charting & Data Representation in Python",University of Michigan,https://www.coursera.org/learn/python-plotting,python-plotting,"Applied Plotting, Charting & Data Representation in Python University of Michigan"
Excel Skills for Business: Advanced,Macquarie University,https://www.coursera.org/learn/excel-advanced,excel-advanced,Excel Skills for Business: Advanced Macquarie University
Introduction to Neuroeconomics: How the Brain Makes Decisions,National Research University Higher School of Economics,https://www.coursera.org/learn/neuroeconomics,neuroeconomics,Introduction to Neuroeconomics: How the Brain Makes Decisions National Research University Higher School of Economics
Build a Modern Computer from First Principles: Nand to Tetris Part II (project-centered course),Hebrew University of Jerusalem,https://www.coursera.org/learn/nand2tetris2,nand2tetris2,Build a Modern Computer from First Principles: Nand to Tetris Part II (project-centered course) Hebrew University of Jerusalem
The Global Financial Crisis,Yale University,https://www.coursera.org/learn/global-financial-crisis,global-financial-crisis,The Global Financial Crisis Yale University
Agile и Scrum в работе над проектами и продуктами,E-Learning Development Fund,https://www.coursera.org/learn/upravleniya-proektami-agile-scrum,upravleniya-proektami-agile-scrum,Agile и Scrum в работе над проектами и продуктами E-Learning Development Fund
Renewable Energy and Green Building Entrepreneurship,Duke University,https://www.coursera.org/learn/renewable-energy-entrepreneurship,renewable-energy-entrepreneurship,Renewable Energy and Green Building Entrepreneurship Duke University
The Cycle: Management of Successful Arts and Cultural Organizations,"University of Maryland, College Park",https://www.coursera.org/learn/the-cycle,the-cycle,"The Cycle: Management of Successful Arts and Cultural Organizations University of Maryland, College Park"
Privacy Law and Data Protection,University of Pennsylvania,https://www.coursera.org/learn/privacy-law-data-protection,privacy-law-data-protection,Privacy Law and Data Protection University of Pennsylvania
Building Modern Python Applications on AWS,Amazon Web Services,https://www.coursera.org/learn/building-modern-python-applications-on-aws,building-modern-python-applications-on-aws,Building Modern Python Applications on AWS Amazon Web Services
Digital Business Models,Lund University,https://www.coursera.org/learn/digital-business-models,digital-business-models,Digital Business Models Lund University
"Everyday Excel, Part 2",University of Colorado Boulder,https://www.coursera.org/learn/everyday-excel-part-2,everyday-excel-part-2,"Everyday Excel, Part 2 University of Colorado Boulder"
Reliable Google Cloud Infrastructure: Design and Process,Google Cloud,https://www.coursera.org/learn/cloud-infrastructure-design-process,cloud-infrastructure-design-process,Reliable Google Cloud Infrastructure: Design and Process Google Cloud
Introduction to Computer Programming,University of London,https://www.coursera.org/learn/introduction-to-computer-programming,introduction-to-computer-programming,Introduction to Computer Programming University of London
"Big Data Essentials: HDFS, MapReduce and Spark RDD",Yandex,https://www.coursera.org/learn/big-data-essentials,big-data-essentials,"Big Data Essentials: HDFS, MapReduce and Spark RDD Yandex"
Social Impact Strategy: Tools for Entrepreneurs and Innovators,University of Pennsylvania,https://www.coursera.org/learn/social-impact,social-impact,Social Impact Strategy: Tools for Entrepreneurs and Innovators University of Pennsylvania
C for Everyone: Programming Fundamentals,"University of California, Santa Cruz",https://www.coursera.org/learn/c-for-everyone,c-for-everyone,"C for Everyone: Programming Fundamentals University of California, Santa Cruz"
Introduction to Structured Query Language (SQL),University of Michigan,https://www.coursera.org/learn/intro-sql,intro-sql,Introduction to Structured Query Language (SQL) University of Michigan
Social and Economic Networks:  Models and Analysis,Stanford University,https://www.coursera.org/learn/social-economic-networks,social-economic-networks,Social and Economic Networks:  Models and Analysis Stanford University
Fundamentals of Scalable Data Science,IBM,https://www.coursera.org/learn/ds,ds,Fundamentals of Scalable Data Science IBM
Applied Machine Learning in Python,University of Michigan,https://www.coursera.org/learn/python-machine-learning,python-machine-learning,Applied Machine Learning in Python University of Michigan
Introduction to C# Programming and Unity,University of Colorado System,https://www.coursera.org/learn/introduction-programming-unity,introduction-programming-unity,Introduction to C# Programming and Unity University of Colorado System
Les Fondamentaux de la Négociation,ESSEC Business School,https://www.coursera.org/learn/fondamentaux-negociation,fondamentaux-negociation,Les Fondamentaux de la Négociation ESSEC Business School
Introduction to Clinical Data,Stanford University,https://www.coursera.org/learn/introduction-clinical-data,introduction-clinical-data,Introduction to Clinical Data Stanford University
Finance for Non-Financial Managers,Emory University,https://www.coursera.org/learn/finance-for-non-financial-managers,finance-for-non-financial-managers,Finance for Non-Financial Managers Emory University
Digital Marketing Analytics in Practice,University of Illinois at Urbana-Champaign,https://www.coursera.org/learn/digital-analytics,digital-analytics,Digital Marketing Analytics in Practice University of Illinois at Urbana-Champaign
The Horse Course: Introduction to Basic Care and Management,University of Florida,https://www.coursera.org/learn/horse-care,horse-care,The Horse Course: Introduction to Basic Care and Management University of Florida
Introduction to Big Data,University of California San Diego,https://www.coursera.org/learn/big-data-introduction,big-data-introduction,Introduction to Big Data University of California San Diego
Practical Time Series Analysis,The State University of New York,https://www.coursera.org/learn/practical-time-series-analysis,practical-time-series-analysis,Practical Time Series Analysis The State University of New York
Getting Started with Google Kubernetes Engine,Google Cloud,https://www.coursera.org/learn/google-kubernetes-engine,google-kubernetes-engine,Getting Started with Google Kubernetes Engine Google Cloud
Exploring ​and ​Preparing ​your ​Data with BigQuery,Google Cloud,https://www.coursera.org/learn/gcp-exploring-preparing-data-bigquery,gcp-exploring-preparing-data-bigquery,Exploring ​and ​Preparing ​your ​Data with BigQuery Google Cloud
Introduction to Machine Learning,Duke University,https://www.coursera.org/learn/machine-learning-duke,machine-learning-duke,Introduction to Machine Learning Duke University
Entrepreneurship 2: Launching your Start-Up,University of Pennsylvania,https://www.coursera.org/learn/wharton-launching-startup,wharton-launching-startup,Entrepreneurship 2: Launching your Start-Up University of Pennsylvania
Preparing for the Google Cloud Professional Cloud Architect Exam,Google Cloud,https://www.coursera.org/learn/preparing-cloud-professional-cloud-architect-exam,preparing-cloud-professional-cloud-architect-exam,Preparing for the Google Cloud Professional Cloud Architect Exam Google Cloud
Effective Business Presentations with Powerpoint,PwC,https://www.coursera.org/learn/powerpoint-presentations,powerpoint-presentations,Effective Business Presentations with Powerpoint PwC
More Introduction to Financial Accounting,University of Pennsylvania,https://www.coursera.org/learn/wharton-financial-accounting,wharton-financial-accounting,More Introduction to Financial Accounting University of Pennsylvania
Dairy Production and Management,The Pennsylvania State University,https://www.coursera.org/learn/dairy-production,dairy-production,Dairy Production and Management The Pennsylvania State University
Introduction to Operations Management,University of Pennsylvania,https://www.coursera.org/learn/wharton-operations,wharton-operations,Introduction to Operations Management University of Pennsylvania
Preparing for the Google Cloud Associate Cloud Engineer Exam,Google Cloud,https://www.coursera.org/learn/preparing-cloud-associate-cloud-engineer-exam,preparing-cloud-associate-cloud-engineer-exam,Preparing for the Google Cloud Associate Cloud Engineer Exam Google Cloud
European Business Law: Understanding the Fundamentals,Lund University,https://www.coursera.org/learn/european-law-fundamentals,european-law-fundamentals,European Business Law: Understanding the Fundamentals Lund University
Front-End Web Development with React,The Hong Kong University of Science and Technology,https://www.coursera.org/learn/front-end-react,front-end-react,Front-End Web Development with React The Hong Kong University of Science and Technology
Music Business Foundations,Berklee College of Music,https://www.coursera.org/learn/music-business-foundations,music-business-foundations,Music Business Foundations Berklee College of Music
Introduction to Business Analytics: Communicating with Data,University of Illinois at Urbana-Champaign,https://www.coursera.org/learn/intro-business-analytics,intro-business-analytics,Introduction to Business Analytics: Communicating with Data University of Illinois at Urbana-Champaign
Security & Safety Challenges in a Globalized World,Universiteit Leiden,https://www.coursera.org/learn/security-safety-globalized-world,security-safety-globalized-world,Security & Safety Challenges in a Globalized World Universiteit Leiden
Machine Learning Foundations: A Case Study Approach,University of Washington,https://www.coursera.org/learn/ml-foundations,ml-foundations,Machine Learning Foundations: A Case Study Approach University of Washington
Accounting Analytics,University of Pennsylvania,https://www.coursera.org/learn/accounting-analytics,accounting-analytics,Accounting Analytics University of Pennsylvania
Strategic Business Management - Microeconomics,"University of California, Irvine",https://www.coursera.org/learn/strategic-business-management-microeconomics,strategic-business-management-microeconomics,"Strategic Business Management - Microeconomics University of California, Irvine"
Research Data Management and Sharing,The University of Edinburgh,https://www.coursera.org/learn/data-management,data-management,Research Data Management and Sharing The University of Edinburgh
Strategic Management,Copenhagen Business School,https://www.coursera.org/learn/strategic-management,strategic-management,Strategic Management Copenhagen Business School
Cybersecurity Compliance Framework & System Administration,IBM,https://www.coursera.org/learn/cybersecurity-compliance-framework-system-administration,cybersecurity-compliance-framework-system-administration,Cybersecurity Compliance Framework & System Administration IBM
Legal Tech & Startups,IE Business School,https://www.coursera.org/learn/legal-tech-startups,legal-tech-startups,Legal Tech & Startups IE Business School
The Business of Product Management I,Advancing Women in Product,https://www.coursera.org/learn/the-business-of-product-management-one,the-business-of-product-management-one,The Business of Product Management I Advancing Women in Product
AI for Medical Prognosis,DeepLearning.AI,https://www.coursera.org/learn/ai-for-medical-prognosis,ai-for-medical-prognosis,AI for Medical Prognosis DeepLearning.AI
UX / UI: Fundamentos para o design de interface,Universidade de São Paulo,https://www.coursera.org/learn/ux-ui-design-de-interface,ux-ui-design-de-interface,UX / UI: Fundamentos para o design de interface Universidade de São Paulo
Industrial IoT on Google Cloud Platform,Google Cloud,https://www.coursera.org/learn/iiot-google-cloud-platform,iiot-google-cloud-platform,Industrial IoT on Google Cloud Platform Google Cloud
Database Management Essentials,University of Colorado System,https://www.coursera.org/learn/database-management,database-management,Database Management Essentials University of Colorado System
Fundamentals of Machine Learning for Healthcare,Stanford University,https://www.coursera.org/learn/fundamental-machine-learning-healthcare,fundamental-machine-learning-healthcare,Fundamentals of Machine Learning for Healthcare Stanford University
Corporate Strategy,UCL School of Management,https://www.coursera.org/learn/corporatestrategy,corporatestrategy,Corporate Strategy UCL School of Management
Managing an Agile Team,University of Virginia,https://www.coursera.org/learn/uva-darden-agile-team-management,uva-darden-agile-team-management,Managing an Agile Team University of Virginia
Getting started with TensorFlow 2,Imperial College London,https://www.coursera.org/learn/getting-started-with-tensor-flow2,getting-started-with-tensor-flow2,Getting started with TensorFlow 2 Imperial College London
Mathematics for Machine Learning: PCA,Imperial College London,https://www.coursera.org/learn/pca-machine-learning,pca-machine-learning,Mathematics for Machine Learning: PCA Imperial College London
Object Oriented Programming in Java,University of California San Diego,https://www.coursera.org/learn/object-oriented-java,object-oriented-java,Object Oriented Programming in Java University of California San Diego
Embedded Software and Hardware Architecture,University of Colorado Boulder,https://www.coursera.org/learn/embedded-software-hardware,embedded-software-hardware,Embedded Software and Hardware Architecture University of Colorado Boulder
Memoir and Personal Essay: Managing Your Relationship with the Reader,Wesleyan University,https://www.coursera.org/learn/memoir-reader-relationship,memoir-reader-relationship,Memoir and Personal Essay: Managing Your Relationship with the Reader Wesleyan University
Математика и Python для анализа данных,Moscow Institute of Physics and Technology,https://www.coursera.org/learn/mathematics-and-python,mathematics-and-python,Математика и Python для анализа данных Moscow Institute of Physics and Technology
Accounting Data Analytics with Python,University of Illinois at Urbana-Champaign,https://www.coursera.org/learn/accounting-data-analytics-python,accounting-data-analytics-python,Accounting Data Analytics with Python University of Illinois at Urbana-Champaign
Managing as a Coach,"University of California, Davis",https://www.coursera.org/learn/managing-as-a-coach,managing-as-a-coach,"Managing as a Coach University of California, Davis"
A Crash Course in Data Science,Johns Hopkins University,https://www.coursera.org/learn/data-science-course,data-science-course,A Crash Course in Data Science Johns Hopkins University
