name,institution,course_url,course_id
Machine Learning,Stanford University,https://www.coursera.org/learn/machine-learning,machine-learning
Technical Support Fundamentals,Google,https://www.coursera.org/learn/technical-support-fundamentals,technical-support-fundamentals
Become a CBRS Certified Professional Installer by Google,Google - Spectrum Sharing,https://www.coursera.org/learn/google-cbrs-cpi-training,google-cbrs-cpi-training
Financial Markets,Yale University,https://www.coursera.org/learn/financial-markets-global,financial-markets-global
Programming for Everybody (Getting Started with Python),University of Michigan,https://www.coursera.org/learn/python,python
The Bits and Bytes of Computer Networking,Google,https://www.coursera.org/learn/computer-networking,computer-networking
AI For Everyone,DeepLearning.AI,https://www.coursera.org/learn/ai-for-everyone,ai-for-everyone
Crash Course on Python,Google,https://www.coursera.org/learn/python-crash-course,python-crash-course
Neural Networks and Deep Learning,DeepLearning.AI,https://www.coursera.org/learn/neural-networks-deep-learning,neural-networks-deep-learning
What is Data Science?,IBM,https://www.coursera.org/learn/what-is-datascience,what-is-datascience
Successful Negotiation: Essential Strategies and Skills,University of Michigan,https://www.coursera.org/learn/negotiation-skills,negotiation-skills
Fundamentals of Project Planning and Management,University of Virginia,https://www.coursera.org/learn/uva-darden-project-management,uva-darden-project-management
Project Launch,"University of California, Irvine",https://www.coursera.org/learn/project-management,project-management
"Brand Management: Aligning Business, Brand and Behaviour",London Business School,https://www.coursera.org/learn/brand,brand
"HTML, CSS, and Javascript for Web Developers",Johns Hopkins University,https://www.coursera.org/learn/html-css-javascript-for-web-developers,html-css-javascript-for-web-developers
Excel Skills for Business: Essentials,Macquarie University,https://www.coursera.org/learn/excel-essentials,excel-essentials
Introduction to Negotiation: A Strategic Playbook for Becoming a Principled and Persuasive Negotiator,Yale University,https://www.coursera.org/learn/negotiation,negotiation
"Everyday Excel, Part 1",University of Colorado Boulder,https://www.coursera.org/learn/everyday-excel-part-1,everyday-excel-part-1
Learning How to Learn: Powerful mental tools to help you master tough subjects,University of California San Diego,https://www.coursera.org/learn/learning-how-to-learn,learning-how-to-learn
Google Cloud Platform Fundamentals: Core Infrastructure,Google Cloud,https://www.coursera.org/learn/gcp-fundamentals,gcp-fundamentals
Viral Marketing and How to Craft Contagious Content,University of Pennsylvania,https://www.coursera.org/learn/wharton-contagious-viral-marketing,wharton-contagious-viral-marketing
Python Data Structures,University of Michigan,https://www.coursera.org/learn/python-data,python-data
Private Equity and Venture Capital,Università Bocconi,https://www.coursera.org/learn/private-equity,private-equity
"Introduction to TensorFlow for Artificial Intelligence, Machine Learning, and Deep Learning",DeepLearning.AI,https://www.coursera.org/learn/introduction-tensorflow,introduction-tensorflow
Operating Systems and You: Becoming a Power User,Google,https://www.coursera.org/learn/os-power-user,os-power-user
Tools for Data Science,IBM,https://www.coursera.org/learn/open-source-tools-for-data-science,open-source-tools-for-data-science
"Improving Deep Neural Networks: Hyperparameter tuning, Regularization and Optimization",DeepLearning.AI,https://www.coursera.org/learn/deep-neural-network,deep-neural-network
Design and Interpretation of Clinical Trials,Johns Hopkins University,https://www.coursera.org/learn/clinical-trials,clinical-trials
Visual Elements of User Interface Design,California Institute of the Arts,https://www.coursera.org/learn/visual-elements-user-interface-design,visual-elements-user-interface-design
Management of Fashion and Luxury Companies,Università Bocconi,https://www.coursera.org/learn/mafash,mafash
Primeros Auxilios Psicológicos (PAP),Universitat Autònoma de Barcelona,https://www.coursera.org/learn/pap,pap
Initiating and Planning Projects,"University of California, Irvine",https://www.coursera.org/learn/project-planning,project-planning
Computational Thinking for Problem Solving,University of Pennsylvania,https://www.coursera.org/learn/computational-thinking-problem-solving,computational-thinking-problem-solving
Agile with Atlassian Jira,Atlassian,https://www.coursera.org/learn/agile-atlassian-jira,agile-atlassian-jira
Fundamentals of Graphic Design,California Institute of the Arts,https://www.coursera.org/learn/fundamentals-of-graphic-design,fundamentals-of-graphic-design
Introduction to User Experience Design,Georgia Institute of Technology,https://www.coursera.org/learn/user-experience-design,user-experience-design
Introduction to Marketing,University of Pennsylvania,https://www.coursera.org/learn/wharton-marketing,wharton-marketing
Python for Data Science and AI,IBM,https://www.coursera.org/learn/python-for-applied-data-science-ai,python-for-applied-data-science-ai
Marketing Analytics,University of Virginia,https://www.coursera.org/learn/uva-darden-market-analytics,uva-darden-market-analytics
Natural Language Processing with Classification and Vector Spaces,DeepLearning.AI,https://www.coursera.org/learn/classification-vector-spaces-in-nlp,classification-vector-spaces-in-nlp
Fundamentals of Quantitative Modeling,University of Pennsylvania,https://www.coursera.org/learn/wharton-quantitative-modeling,wharton-quantitative-modeling
How to Manage a Remote Team,GitLab,https://www.coursera.org/learn/remote-team-management,remote-team-management
Mathematics for Machine Learning: Linear Algebra,Imperial College London,https://www.coursera.org/learn/linear-algebra-machine-learning,linear-algebra-machine-learning
Introduction to Data Science in Python,University of Michigan,https://www.coursera.org/learn/python-data-analysis,python-data-analysis
Customer Analytics,University of Pennsylvania,https://www.coursera.org/learn/wharton-customer-analytics,wharton-customer-analytics
English for Career Development,University of Pennsylvania,https://www.coursera.org/learn/careerdevelopment,careerdevelopment
SQL for Data Science,"University of California, Davis",https://www.coursera.org/learn/sql-for-data-science,sql-for-data-science
Write Professional Emails in English,Georgia Institute of Technology,https://www.coursera.org/learn/professional-emails-english,professional-emails-english
System Administration and IT Infrastructure Services,Google,https://www.coursera.org/learn/system-administration-it-infrastructure-services,system-administration-it-infrastructure-services
Introduction to Social Media Marketing,Facebook,https://www.coursera.org/learn/social-media-marketing-introduction,social-media-marketing-introduction
Forensic Accounting and Fraud Examination,West Virginia University,https://www.coursera.org/learn/forensic-accounting,forensic-accounting
Digital Product Management: Modern Fundamentals,University of Virginia,https://www.coursera.org/learn/uva-darden-digital-product-management,uva-darden-digital-product-management
Data Science Math Skills,Duke University,https://www.coursera.org/learn/datasciencemathskills,datasciencemathskills
Structuring Machine Learning Projects,DeepLearning.AI,https://www.coursera.org/learn/machine-learning-projects,machine-learning-projects
The Strategy of Content Marketing,"University of California, Davis",https://www.coursera.org/learn/content-marketing,content-marketing
Introduction to Cybersecurity Tools & Cyber Attacks,IBM,https://www.coursera.org/learn/introduction-cybersecurity-cyber-attacks,introduction-cybersecurity-cyber-attacks
The Data Scientist’s Toolbox,Johns Hopkins University,https://www.coursera.org/learn/data-scientists-tools,data-scientists-tools
Convolutional Neural Networks in TensorFlow,DeepLearning.AI,https://www.coursera.org/learn/convolutional-neural-networks-tensorflow,convolutional-neural-networks-tensorflow
Convolutional Neural Networks,DeepLearning.AI,https://www.coursera.org/learn/convolutional-neural-networks,convolutional-neural-networks
Using Python to Access Web Data,University of Michigan,https://www.coursera.org/learn/python-network-data,python-network-data
Introduction to Systematic Review and Meta-Analysis,Johns Hopkins University,https://www.coursera.org/learn/systematic-review,systematic-review
Organizational Analysis,Stanford University,https://www.coursera.org/learn/organizational-analysis,organizational-analysis
Communication Strategies for a Virtual Age,University of Toronto,https://www.coursera.org/learn/communication-strategies-virtual-age,communication-strategies-virtual-age
Managing the Company of the Future,London Business School,https://www.coursera.org/learn/company-future-management,company-future-management
Finance for Non-Finance Professionals,Rice University,https://www.coursera.org/learn/finance-for-non-finance,finance-for-non-finance
Site Reliability Engineering: Measuring and Managing Reliability,Google Cloud,https://www.coursera.org/learn/site-reliability-engineering-slos,site-reliability-engineering-slos
Data Science Methodology,IBM,https://www.coursera.org/learn/data-science-methodology,data-science-methodology
Introduction to Financial Accounting,University of Pennsylvania,https://www.coursera.org/learn/wharton-accounting,wharton-accounting
Marketing in a Digital World,University of Illinois at Urbana-Champaign,https://www.coursera.org/learn/marketing-digital,marketing-digital
Principles of Sustainable Finance,Erasmus University Rotterdam,https://www.coursera.org/learn/sustainable-finance,sustainable-finance
Financial Engineering and Risk Management Part I,Columbia University,https://www.coursera.org/learn/financial-engineering-1,financial-engineering-1
Business Metrics for Data-Driven Companies,Duke University,https://www.coursera.org/learn/analytics-business-metrics,analytics-business-metrics
Python Basics,University of Michigan,https://www.coursera.org/learn/python-basics,python-basics
IT Security: Defense against the digital dark arts,Google,https://www.coursera.org/learn/it-security,it-security
An Introduction to Consumer Neuroscience & Neuromarketing,Copenhagen Business School,https://www.coursera.org/learn/neuromarketing,neuromarketing
"Divide and Conquer, Sorting and Searching, and Randomized Algorithms",Stanford University,https://www.coursera.org/learn/algorithms-divide-conquer,algorithms-divide-conquer
Using Python to Interact with the Operating System,Google,https://www.coursera.org/learn/python-operating-system,python-operating-system
Object-Oriented Data Structures in C++,University of Illinois at Urbana-Champaign,https://www.coursera.org/learn/cs-fundamentals-1,cs-fundamentals-1
Google Cloud Platform Big Data and Machine Learning Fundamentals,Google Cloud,https://www.coursera.org/learn/gcp-big-data-ml-fundamentals,gcp-big-data-ml-fundamentals
Databases and SQL for Data Science,IBM,https://www.coursera.org/learn/sql-data-science,sql-data-science
Natural Language Processing in TensorFlow,DeepLearning.AI,https://www.coursera.org/learn/natural-language-processing-tensorflow,natural-language-processing-tensorflow
"Advanced Valuation and Strategy - M&A, Private Equity, and Venture Capital",Erasmus University Rotterdam,https://www.coursera.org/learn/advanced-valuation-and-strategy,advanced-valuation-and-strategy
Natural Language Processing with Probabilistic Models,DeepLearning.AI,https://www.coursera.org/learn/probabilistic-models-in-nlp,probabilistic-models-in-nlp
IBM Customer Engagement Specialist Professional Certificate,IBM,https://www.coursera.org/learn/ibm-customer-engagement-specialist,ibm-customer-engagement-specialist
Camino a la Excelencia en Gestión de Proyectos,Pontificia Universidad Católica de Chile,https://www.coursera.org/learn/camino-excelencia-gestion-proyectos,camino-excelencia-gestion-proyectos
Introduction to HTML5,University of Michigan,https://www.coursera.org/learn/html,html
Wine Tasting: Sensory Techniques for Wine Analysis,"University of California, Davis",https://www.coursera.org/learn/wine,wine
Excel Skills for Business: Intermediate I,Macquarie University,https://www.coursera.org/learn/excel-intermediate-1,excel-intermediate-1
"Programming Foundations with JavaScript, HTML and CSS",Duke University,https://www.coursera.org/learn/duke-programming-web,duke-programming-web
Build a Modern Computer from First Principles: From Nand to Tetris (Project-Centered Course),Hebrew University of Jerusalem,https://www.coursera.org/learn/build-a-computer,build-a-computer
Food & Beverage Management,Università Bocconi,https://www.coursera.org/learn/food-beverage-management,food-beverage-management
Data Analysis with Python,IBM,https://www.coursera.org/learn/data-analysis-with-python,data-analysis-with-python
Project Planning,"University of California, Irvine",https://www.coursera.org/learn/project-planning-1,project-planning-1
Agile Meets Design Thinking,University of Virginia,https://www.coursera.org/learn/uva-darden-getting-started-agile,uva-darden-getting-started-agile
AWS Fundamentals: Going Cloud-Native,Amazon Web Services,https://www.coursera.org/learn/aws-fundamentals-going-cloud-native,aws-fundamentals-going-cloud-native
Construction Project Management,Columbia University,https://www.coursera.org/learn/construction-project-management,construction-project-management
Machine Learning with Python,IBM,https://www.coursera.org/learn/machine-learning-with-python,machine-learning-with-python
Data Management for Clinical Research,Vanderbilt University,https://www.coursera.org/learn/clinical-data-management,clinical-data-management
Foundations of Data Science: K-Means Clustering in Python,University of London,https://www.coursera.org/learn/data-science-k-means-clustering-python,data-science-k-means-clustering-python
Instructional Design Foundations and Applications,University of Illinois at Urbana-Champaign,https://www.coursera.org/learn/instructional-design-foundations-applications,instructional-design-foundations-applications
"Speak English Professionally: In Person, Online & On the Phone",Georgia Institute of Technology,https://www.coursera.org/learn/speak-english-professionally,speak-english-professionally
Essential Google Cloud Infrastructure: Foundation,Google Cloud,https://www.coursera.org/learn/gcp-infrastructure-foundation,gcp-infrastructure-foundation
Introduction to Artificial Intelligence (AI),IBM,https://www.coursera.org/learn/introduction-to-ai,introduction-to-ai
International Leadership and Organizational Behavior,Università Bocconi,https://www.coursera.org/learn/organizational-behavior,organizational-behavior
Driving business towards the Sustainable Development Goals,Erasmus University Rotterdam,https://www.coursera.org/learn/sdgbusiness,sdgbusiness
Devenir entrepreneur du changement,HEC Paris,https://www.coursera.org/learn/entrepreneur-changement,entrepreneur-changement
Entrepreneurship 1: Developing the Opportunity,University of Pennsylvania,https://www.coursera.org/learn/wharton-entrepreneurship-opportunity,wharton-entrepreneurship-opportunity
Circular Economy - Sustainable Materials Management,Delft University of Technology,https://www.coursera.org/learn/circular-economy,circular-economy
R Programming,Johns Hopkins University,https://www.coursera.org/learn/r-programming,r-programming
Economics of Money and Banking,Columbia University,https://www.coursera.org/learn/money-banking,money-banking
The Power of Macroeconomics: Economic Principles in the Real World,"University of California, Irvine",https://www.coursera.org/learn/principles-of-macroeconomics,principles-of-macroeconomics
Behavioral Finance,Duke University,https://www.coursera.org/learn/duke-behavioral-finance,duke-behavioral-finance
Project Execution,"University of California, Irvine",https://www.coursera.org/learn/project-execution,project-execution
Microeconomics Principles,University of Illinois at Urbana-Champaign,https://www.coursera.org/learn/microeconomics,microeconomics
Design Thinking for Innovation,University of Virginia,https://www.coursera.org/learn/uva-darden-design-thinking-innovation,uva-darden-design-thinking-innovation
Financial Accounting Fundamentals,University of Virginia,https://www.coursera.org/learn/uva-darden-financial-accounting,uva-darden-financial-accounting
Understanding Clinical Research: Behind the Statistics,University of Cape Town,https://www.coursera.org/learn/clinical-research,clinical-research
Fashion as Design,The Museum of Modern Art,https://www.coursera.org/learn/fashion-design,fashion-design
Teamwork Skills: Communicating Effectively in Groups,University of Colorado Boulder,https://www.coursera.org/learn/teamwork-skills-effective-communication,teamwork-skills-effective-communication
International Organizations Management,University of Geneva,https://www.coursera.org/learn/international-organizations-management,international-organizations-management
Marketing Digital,Universidade de São Paulo,https://www.coursera.org/learn/estrategia-marketing-digital,estrategia-marketing-digital
"Excel/VBA for Creative Problem Solving, Part 1",University of Colorado Boulder,https://www.coursera.org/learn/excel-vba-for-creative-problem-solving-part-1,excel-vba-for-creative-problem-solving-part-1
Introduction to Probability and Data with R,Duke University,https://www.coursera.org/learn/probability-intro,probability-intro
Understanding and Visualizing Data with Python,University of Michigan,https://www.coursera.org/learn/understanding-visualization-data,understanding-visualization-data
Fundamentals of Visualization with Tableau,"University of California, Davis",https://www.coursera.org/learn/data-visualization-tableau,data-visualization-tableau
Getting Started with SAS Programming,SAS,https://www.coursera.org/learn/sas-programming-basics,sas-programming-basics
Machine Learning for All,University of London,https://www.coursera.org/learn/uol-machine-learning-for-all,uol-machine-learning-for-all
Using Databases with Python,University of Michigan,https://www.coursera.org/learn/python-databases,python-databases
Sports Marketing,Northwestern University,https://www.coursera.org/learn/sports-marketing,sports-marketing
Introduction to Programming with MATLAB,Vanderbilt University,https://www.coursera.org/learn/matlab,matlab
Preparing to Manage Human Resources,University of Minnesota,https://www.coursera.org/learn/managing-human-resources,managing-human-resources
Building Scalable Java Microservices with Spring Boot and Spring Cloud,Google Cloud,https://www.coursera.org/learn/google-cloud-java-spring,google-cloud-java-spring
Google Cloud Product Fundamentals,Google Cloud,https://www.coursera.org/learn/google-cloud-product-fundamentals,google-cloud-product-fundamentals
Engineering Health: Introduction to Yoga and Physiology,New York University,https://www.coursera.org/learn/engineering-health-yoga-physiology,engineering-health-yoga-physiology
AI for Medical Diagnosis,DeepLearning.AI,https://www.coursera.org/learn/ai-for-medical-diagnosis,ai-for-medical-diagnosis
Natural Language Processing with Sequence Models,DeepLearning.AI,https://www.coursera.org/learn/sequence-models-in-nlp,sequence-models-in-nlp
Innovation Management,Erasmus University Rotterdam,https://www.coursera.org/learn/innovation-management,innovation-management
The Manager's Toolkit: A Practical Guide to Managing People at Work,"Birkbeck, University of London",https://www.coursera.org/learn/people-management,people-management
Essential Google Cloud Infrastructure: Core Services,Google Cloud,https://www.coursera.org/learn/gcp-infrastructure-core-services,gcp-infrastructure-core-services
Weight Management: Beyond Balancing Calories,Emory University,https://www.coursera.org/learn/weight-management-beyond-balancing-calories,weight-management-beyond-balancing-calories
Java Programming: Solving Problems with Software,Duke University,https://www.coursera.org/learn/java-programming,java-programming
"Competencias digitales. Herramientas de ofimática (Microsoft Word, Excel, Power Point)",Universitat Autònoma de Barcelona,https://www.coursera.org/learn/competencias-digitales-ofimatica,competencias-digitales-ofimatica
People Analytics,University of Pennsylvania,https://www.coursera.org/learn/wharton-people-analytics,wharton-people-analytics
UX Design Fundamentals,California Institute of the Arts,https://www.coursera.org/learn/ux-design-fundamentals,ux-design-fundamentals
Investment Management in an Evolving and Volatile World by HEC Paris and AXA Investment Managers,HEC Paris,https://www.coursera.org/learn/investment-management,investment-management
Introduction to Data Analysis Using Excel,Rice University,https://www.coursera.org/learn/excel-data-analysis,excel-data-analysis
Mind Control: Managing Your Mental Health During COVID-19,University of Toronto,https://www.coursera.org/learn/manage-health-covid-19,manage-health-covid-19
Politics and Economics of International Energy,Sciences Po,https://www.coursera.org/learn/global-energy,global-energy
Continuous Delivery & DevOps,University of Virginia,https://www.coursera.org/learn/uva-darden-continous-delivery-devops,uva-darden-continous-delivery-devops
Business Model Innovation,HEC Paris,https://www.coursera.org/learn/business-model,business-model
Introduction to User Experience Principles and Processes,University of Michigan,https://www.coursera.org/learn/introtoux-principles-and-processes,introtoux-principles-and-processes
Process Mining: Data science in Action,Eindhoven University of Technology,https://www.coursera.org/learn/process-mining,process-mining
Introduction to Corporate Finance,University of Pennsylvania,https://www.coursera.org/learn/wharton-finance,wharton-finance
Algorithmic Toolbox,University of California San Diego,https://www.coursera.org/learn/algorithmic-toolbox,algorithmic-toolbox
A Crash Course in Causality:  Inferring Causal Effects from Observational Data,University of Pennsylvania,https://www.coursera.org/learn/crash-course-in-causality,crash-course-in-causality
English for Business and Entrepreneurship,University of Pennsylvania,https://www.coursera.org/learn/business,business
Natural Language Processing with Attention Models,DeepLearning.AI,https://www.coursera.org/learn/attention-models-in-nlp,attention-models-in-nlp
Data Visualization with Python,IBM,https://www.coursera.org/learn/python-for-data-visualization,python-for-data-visualization
Data-driven Decision Making,PwC,https://www.coursera.org/learn/decision-making,decision-making
Fundamentals of Engineering Exam Review,Georgia Institute of Technology,https://www.coursera.org/learn/fe-exam,fe-exam
Managerial Accounting Fundamentals,University of Virginia,https://www.coursera.org/learn/uva-darden-managerial-accounting,uva-darden-managerial-accounting
International Security Management,Erasmus University Rotterdam,https://www.coursera.org/learn/international-security-management,international-security-management
Getting Started with AWS Machine Learning,Amazon Web Services,https://www.coursera.org/learn/aws-machine-learning,aws-machine-learning
Arts and Heritage Management,Università Bocconi,https://www.coursera.org/learn/arts-heritage,arts-heritage
Equine Welfare and Management,"University of California, Davis",https://www.coursera.org/learn/equine,equine
Introduction to Web Development,"University of California, Davis",https://www.coursera.org/learn/web-development,web-development
Engineering Project Management: Initiating and Planning,Rice University,https://www.coursera.org/learn/initiating-planning,initiating-planning
Kotlin for Java Developers,JetBrains,https://www.coursera.org/learn/kotlin-for-java-developers,kotlin-for-java-developers
Mathematics for Machine Learning: Multivariate Calculus,Imperial College London,https://www.coursera.org/learn/multivariate-calculus-machine-learning,multivariate-calculus-machine-learning
Introducción a la programación en Python I: Aprendiendo a programar con Python,Pontificia Universidad Católica de Chile,https://www.coursera.org/learn/aprendiendo-programar-python,aprendiendo-programar-python
Modernizing Data Lakes and Data Warehouses with GCP,Google Cloud,https://www.coursera.org/learn/data-lakes-data-warehouses-gcp,data-lakes-data-warehouses-gcp
Financial Acumen for Non-Financial Managers,University of Pennsylvania,https://www.coursera.org/learn/finance-healthcare-managers,finance-healthcare-managers
Python and Statistics for Financial Analysis,The Hong Kong University of Science and Technology,https://www.coursera.org/learn/python-statistics-financial-analysis,python-statistics-financial-analysis
Autodesk Certified Professional: Revit for Architectural Design Exam Prep,Autodesk,https://www.coursera.org/learn/autodesk-revit-architectural-design,autodesk-revit-architectural-design
"Leading for Equity, Diversity and Inclusion in Higher Education",University of Michigan,https://www.coursera.org/learn/leading-for-equity-diversity-inclusion,leading-for-equity-diversity-inclusion
Digital Media and Marketing Strategies,University of Illinois at Urbana-Champaign,https://www.coursera.org/learn/marketing-plan,marketing-plan
Budgeting and Scheduling Projects,"University of California, Irvine",https://www.coursera.org/learn/schedule-projects,schedule-projects
Machine Learning for Business Professionals,Google Cloud,https://www.coursera.org/learn/machine-learning-business-professionals,machine-learning-business-professionals
Introduction to Accounting Data Analytics and Visualization,University of Illinois at Urbana-Champaign,https://www.coursera.org/learn/intro-accounting-data-analytics-visual,intro-accounting-data-analytics-visual
Financing and Investing in Infrastructure,Università Bocconi,https://www.coursera.org/learn/infrastructure-investing,infrastructure-investing
Global Environmental Management,Technical University of Denmark (DTU),https://www.coursera.org/learn/global-environmental-management,global-environmental-management
Operations Analytics,University of Pennsylvania,https://www.coursera.org/learn/wharton-operations-analytics,wharton-operations-analytics
Entrepreneurship Strategy: From Ideation to Exit,HEC Paris,https://www.coursera.org/learn/entrepreneurship-strategy,entrepreneurship-strategy
The Art of Music Production,Berklee College of Music,https://www.coursera.org/learn/producing-music,producing-music
Bayesian Statistics: From Concept to Data Analysis,"University of California, Santa Cruz",https://www.coursera.org/learn/bayesian-statistics,bayesian-statistics
Introduction to Data Analytics,IBM,https://www.coursera.org/learn/introduction-to-data-analytics,introduction-to-data-analytics
Fundamentos de Excel para Negocios,Universidad Austral,https://www.coursera.org/learn/excel-para-negocios,excel-para-negocios
Elastic Google Cloud Infrastructure: Scaling and Automation,Google Cloud,https://www.coursera.org/learn/gcp-infrastructure-scaling-automation,gcp-infrastructure-scaling-automation
Introduction to Engineering Mechanics,Georgia Institute of Technology,https://www.coursera.org/learn/engineering-mechanics-statics,engineering-mechanics-statics
Design-Led Strategy: Design thinking for business strategy and entrepreneurship,The University of Sydney,https://www.coursera.org/learn/design-strategy,design-strategy
Biology Meets Programming: Bioinformatics for Beginners,University of California San Diego,https://www.coursera.org/learn/bioinformatics,bioinformatics
Ordered Data Structures,University of Illinois at Urbana-Champaign,https://www.coursera.org/learn/cs-fundamentals-2,cs-fundamentals-2
Programming Fundamentals,Duke University,https://www.coursera.org/learn/programming-fundamentals,programming-fundamentals
Understanding Financial Markets,University of Geneva,https://www.coursera.org/learn/understanding-financial-markets,understanding-financial-markets
Introduction to Software Product Management,University of Alberta,https://www.coursera.org/learn/introduction-to-software-product-management,introduction-to-software-product-management
Excel Skills for Business: Intermediate II,Macquarie University,https://www.coursera.org/learn/excel-intermediate-2,excel-intermediate-2
Business Writing,University of Colorado Boulder,https://www.coursera.org/learn/writing-for-business,writing-for-business
Autodesk Certified Professional: AutoCAD for Design and Drafting Exam Prep,Autodesk,https://www.coursera.org/learn/autodesk-autocad-design-drafting,autodesk-autocad-design-drafting
Business English: Networking,University of Washington,https://www.coursera.org/learn/business-english-intro,business-english-intro
Summary Statistics in Public Health,Johns Hopkins University,https://www.coursera.org/learn/summary-statistics,summary-statistics
Probability and Statistics: To p or not to p?,University of London,https://www.coursera.org/learn/probability-statistics,probability-statistics
Mastering Data Analysis in Excel,Duke University,https://www.coursera.org/learn/analytics-excel,analytics-excel
Basic Statistics,University of Amsterdam,https://www.coursera.org/learn/basic-statistics,basic-statistics
"Capstone: Retrieving, Processing, and Visualizing Data with Python",University of Michigan,https://www.coursera.org/learn/python-data-visualization,python-data-visualization
Design Thinking for the Greater Good: Innovation in the Social Sector,University of Virginia,https://www.coursera.org/learn/uva-darden-design-thinking-social-sector,uva-darden-design-thinking-social-sector
Introduction to Portfolio Construction and Analysis with Python,EDHEC Business School,https://www.coursera.org/learn/introduction-portfolio-construction-python,introduction-portfolio-construction-python
Data Analytics for Lean Six Sigma,University of Amsterdam,https://www.coursera.org/learn/data-analytics-for-lean-six-sigma,data-analytics-for-lean-six-sigma
Building Containerized Applications on AWS,Amazon Web Services,https://www.coursera.org/learn/containerized-apps-on-aws,containerized-apps-on-aws
Business Transformation with Google Cloud,Google Cloud,https://www.coursera.org/learn/business-transformation-google-cloud,business-transformation-google-cloud
Excel aplicado a los negocios (Nivel Avanzado),Universidad Austral,https://www.coursera.org/learn/excel-aplicado-negocios-avanzado,excel-aplicado-negocios-avanzado
Managing Project Risks and Changes,"University of California, Irvine",https://www.coursera.org/learn/project-risk-management,project-risk-management
L'excellence opérationnelle en pratique,ESSEC Business School,https://www.coursera.org/learn/excellence-operationnelle,excellence-operationnelle
Introduction to Cloud Computing,IBM,https://www.coursera.org/learn/introduction-to-cloud,introduction-to-cloud
Functional Programming Principles in Scala,École Polytechnique Fédérale de Lausanne,https://www.coursera.org/learn/progfun1,progfun1
"Python Functions, Files, and Dictionaries",University of Michigan,https://www.coursera.org/learn/python-functions-files-dictionaries,python-functions-files-dictionaries
Introduction to Embedded Systems Software and Development Environments,University of Colorado Boulder,https://www.coursera.org/learn/introduction-embedded-systems,introduction-embedded-systems
Personal & Family Financial Planning,University of Florida,https://www.coursera.org/learn/family-planning,family-planning
Introducción a Data Science: Programación Estadística con R,Universidad Nacional Autónoma de México,https://www.coursera.org/learn/intro-data-science-programacion-estadistica-r,intro-data-science-programacion-estadistica-r
"Cybersecurity Roles, Processes & Operating System Security",IBM,https://www.coursera.org/learn/cybersecurity-roles-processes-operating-system-security,cybersecurity-roles-processes-operating-system-security
Computational Neuroscience,University of Washington,https://www.coursera.org/learn/computational-neuroscience,computational-neuroscience
Smart Cities – Management of Smart Urban Infrastructures,École Polytechnique Fédérale de Lausanne,https://www.coursera.org/learn/smart-cities,smart-cities
Probabilistic Graphical Models 1: Representation,Stanford University,https://www.coursera.org/learn/probabilistic-graphical-models,probabilistic-graphical-models
The Power of Microeconomics: Economic Principles in the Real World,"University of California, Irvine",https://www.coursera.org/learn/principles-of-microeconomics,principles-of-microeconomics
Mathematical Thinking in Computer Science,University of California San Diego,https://www.coursera.org/learn/what-is-a-proof,what-is-a-proof
Основы программирования на Python,National Research University Higher School of Economics,https://www.coursera.org/learn/python-osnovy-programmirovaniya,python-osnovy-programmirovaniya
Improving Communication Skills,University of Pennsylvania,https://www.coursera.org/learn/wharton-communication-skills,wharton-communication-skills
"Introduction to Trading, Machine Learning & GCP",New York Institute of Finance,https://www.coursera.org/learn/introduction-trading-machine-learning-gcp,introduction-trading-machine-learning-gcp
Python Programming: A Concise Introduction,Wesleyan University,https://www.coursera.org/learn/python-programming-introduction,python-programming-introduction
Excel Fundamentals for Data Analysis,Macquarie University,https://www.coursera.org/learn/excel-data-analysis-fundamentals,excel-data-analysis-fundamentals
Career 911: Your Future Job in Medicine and Healthcare,Northwestern University,https://www.coursera.org/learn/healthcarejobs,healthcarejobs
Foundations of Business Strategy,University of Virginia,https://www.coursera.org/learn/uva-darden-foundations-business-strategy,uva-darden-foundations-business-strategy
Introdução à Ciência da Computação com Python Parte 1,Universidade de São Paulo,https://www.coursera.org/learn/ciencia-computacao-python-conceitos,ciencia-computacao-python-conceitos
Foundations for Big Data Analysis with SQL,Cloudera,https://www.coursera.org/learn/foundations-big-data-analysis-sql,foundations-big-data-analysis-sql
"Innovation Through Design: Think, Make, Break, Repeat",The University of Sydney,https://www.coursera.org/learn/innovation-through-design,innovation-through-design
Getting Started with Azure,LearnQuest,https://www.coursera.org/learn/cloud-azure-intro,cloud-azure-intro
Aprendiendo a aprender: Poderosas herramientas mentales con las que podrás dominar temas difíciles (Learning How to Learn),University of California San Diego,https://www.coursera.org/learn/aprendiendo-a-aprender,aprendiendo-a-aprender
Building Batch Data Pipelines on GCP,Google Cloud,https://www.coursera.org/learn/batch-data-pipelines-gcp,batch-data-pipelines-gcp
Financial Planning for Young Adults,University of Illinois at Urbana-Champaign,https://www.coursera.org/learn/financial-planning,financial-planning
Quantitative Methods,University of Amsterdam,https://www.coursera.org/learn/quantitative-methods,quantitative-methods
The Technology of Music Production,Berklee College of Music,https://www.coursera.org/learn/technology-of-music-production,technology-of-music-production
Code Yourself! An Introduction to Programming,The University of Edinburgh,https://www.coursera.org/learn/intro-programming,intro-programming
Fundamentals of Finance,University of Pennsylvania,https://www.coursera.org/learn/finance-fundamentals,finance-fundamentals
How Google does Machine Learning,Google Cloud,https://www.coursera.org/learn/google-machine-learning,google-machine-learning
Object-Oriented Design,University of Alberta,https://www.coursera.org/learn/object-oriented-design,object-oriented-design
Cost and Economics in Pricing Strategy,BCG,https://www.coursera.org/learn/uva-darden-bcg-pricing-strategy-cost-economics,uva-darden-bcg-pricing-strategy-cost-economics
Marketing Gerencial,Universidad de Chile,https://www.coursera.org/learn/marketing-gerencial,marketing-gerencial
Corporate Finance Essentials,IESE Business School,https://www.coursera.org/learn/corporate-finance-essentials,corporate-finance-essentials
Information Security: Context and Introduction,"Royal Holloway, University of London",https://www.coursera.org/learn/information-security-data,information-security-data
Introduction to CSS3,University of Michigan,https://www.coursera.org/learn/introcss,introcss
Applied Data Science Capstone,IBM,https://www.coursera.org/learn/applied-data-science-capstone,applied-data-science-capstone
Introduction aux Droits de l’Homme,University of Geneva,https://www.coursera.org/learn/droits-de-lhomme,droits-de-lhomme
"Programming Languages, Part A",University of Washington,https://www.coursera.org/learn/programming-languages,programming-languages
Leadership in 21st Century Organizations,Copenhagen Business School,https://www.coursera.org/learn/leadership-21st-century,leadership-21st-century
Software Processes and Agile Practices,University of Alberta,https://www.coursera.org/learn/software-processes-and-agile-practices,software-processes-and-agile-practices
DevOps Culture and Mindset,"University of California, Davis",https://www.coursera.org/learn/devops-culture-and-mindset,devops-culture-and-mindset
Introduction to Statistics & Data Analysis in Public Health,Imperial College London,https://www.coursera.org/learn/introduction-statistics-data-analysis-public-health,introduction-statistics-data-analysis-public-health
COVID-19 Contact Tracing For Nursing Professionals,University of Houston,https://www.coursera.org/learn/covid-19-contact-tracing-for-nursing-professionals,covid-19-contact-tracing-for-nursing-professionals
High Stakes Leadership: Leading in Times of Crisis,University of Michigan,https://www.coursera.org/learn/high-stakes-leadership,high-stakes-leadership
AWS Fundamentals: Addressing Security Risk,Amazon Web Services,https://www.coursera.org/learn/aws-fundamentals-addressing-security-risk,aws-fundamentals-addressing-security-risk
Spanish for Successful Communication in Healthcare Settings,Rice University,https://www.coursera.org/learn/spanish-in-healthcare-settings,spanish-in-healthcare-settings
Leading transformations: Manage change,Macquarie University,https://www.coursera.org/learn/change-management,change-management
Introduction to Systems Engineering,UNSW Sydney (The University of New South Wales),https://www.coursera.org/learn/systems-engineering,systems-engineering
Digital Marketing Analytics in Theory,University of Illinois at Urbana-Champaign,https://www.coursera.org/learn/marketing-analytics,marketing-analytics
Data Visualization and Communication with Tableau,Duke University,https://www.coursera.org/learn/analytics-tableau,analytics-tableau
Bayesian Statistics: Techniques and Models,"University of California, Santa Cruz",https://www.coursera.org/learn/mcmc-bayesian-statistics,mcmc-bayesian-statistics
Introduction to Computers and Office Productivity Software,The Hong Kong University of Science and Technology,https://www.coursera.org/learn/introduction-to-computers-and-office-productivity-software,introduction-to-computers-and-office-productivity-software
Intercultural Management,ESCP Business School,https://www.coursera.org/learn/intercultural,intercultural
Global Financial Markets and Instruments,Rice University,https://www.coursera.org/learn/global-financial-markets-instruments,global-financial-markets-instruments
"Applied Plotting, Charting & Data Representation in Python",University of Michigan,https://www.coursera.org/learn/python-plotting,python-plotting
Excel Skills for Business: Advanced,Macquarie University,https://www.coursera.org/learn/excel-advanced,excel-advanced
Introduction to Neuroeconomics: How the Brain Makes Decisions,National Research University Higher School of Economics,https://www.coursera.org/learn/neuroeconomics,neuroeconomics
Build a Modern Computer from First Principles: Nand to Tetris Part II (project-centered course),Hebrew University of Jerusalem,https://www.coursera.org/learn/nand2tetris2,nand2tetris2
The Global Financial Crisis,Yale University,https://www.coursera.org/learn/global-financial-crisis,global-financial-crisis
Agile и Scrum в работе над проектами и продуктами,E-Learning Development Fund,https://www.coursera.org/learn/upravleniya-proektami-agile-scrum,upravleniya-proektami-agile-scrum
Renewable Energy and Green Building Entrepreneurship,Duke University,https://www.coursera.org/learn/renewable-energy-entrepreneurship,renewable-energy-entrepreneurship
The Cycle: Management of Successful Arts and Cultural Organizations,"University of Maryland, College Park",https://www.coursera.org/learn/the-cycle,the-cycle
Privacy Law and Data Protection,University of Pennsylvania,https://www.coursera.org/learn/privacy-law-data-protection,privacy-law-data-protection
Building Modern Python Applications on AWS,Amazon Web Services,https://www.coursera.org/learn/building-modern-python-applications-on-aws,building-modern-python-applications-on-aws
Digital Business Models,Lund University,https://www.coursera.org/learn/digital-business-models,digital-business-models
"Everyday Excel, Part 2",University of Colorado Boulder,https://www.coursera.org/learn/everyday-excel-part-2,everyday-excel-part-2
Reliable Google Cloud Infrastructure: Design and Process,Google Cloud,https://www.coursera.org/learn/cloud-infrastructure-design-process,cloud-infrastructure-design-process
Introduction to Computer Programming,University of London,https://www.coursera.org/learn/introduction-to-computer-programming,introduction-to-computer-programming
"Big Data Essentials: HDFS, MapReduce and Spark RDD",Yandex,https://www.coursera.org/learn/big-data-essentials,big-data-essentials
Social Impact Strategy: Tools for Entrepreneurs and Innovators,University of Pennsylvania,https://www.coursera.org/learn/social-impact,social-impact
C for Everyone: Programming Fundamentals,"University of California, Santa Cruz",https://www.coursera.org/learn/c-for-everyone,c-for-everyone
Introduction to Structured Query Language (SQL),University of Michigan,https://www.coursera.org/learn/intro-sql,intro-sql
Social and Economic Networks:  Models and Analysis,Stanford University,https://www.coursera.org/learn/social-economic-networks,social-economic-networks
Fundamentals of Scalable Data Science,IBM,https://www.coursera.org/learn/ds,ds
Applied Machine Learning in Python,University of Michigan,https://www.coursera.org/learn/python-machine-learning,python-machine-learning
Introduction to C# Programming and Unity,University of Colorado System,https://www.coursera.org/learn/introduction-programming-unity,introduction-programming-unity
Les Fondamentaux de la Négociation,ESSEC Business School,https://www.coursera.org/learn/fondamentaux-negociation,fondamentaux-negociation
Introduction to Clinical Data,Stanford University,https://www.coursera.org/learn/introduction-clinical-data,introduction-clinical-data
Finance for Non-Financial Managers,Emory University,https://www.coursera.org/learn/finance-for-non-financial-managers,finance-for-non-financial-managers
Digital Marketing Analytics in Practice,University of Illinois at Urbana-Champaign,https://www.coursera.org/learn/digital-analytics,digital-analytics
The Horse Course: Introduction to Basic Care and Management,University of Florida,https://www.coursera.org/learn/horse-care,horse-care
Introduction to Big Data,University of California San Diego,https://www.coursera.org/learn/big-data-introduction,big-data-introduction
Practical Time Series Analysis,The State University of New York,https://www.coursera.org/learn/practical-time-series-analysis,practical-time-series-analysis
Getting Started with Google Kubernetes Engine,Google Cloud,https://www.coursera.org/learn/google-kubernetes-engine,google-kubernetes-engine
Exploring ​and ​Preparing ​your ​Data with BigQuery,Google Cloud,https://www.coursera.org/learn/gcp-exploring-preparing-data-bigquery,gcp-exploring-preparing-data-bigquery
Introduction to Machine Learning,Duke University,https://www.coursera.org/learn/machine-learning-duke,machine-learning-duke
Entrepreneurship 2: Launching your Start-Up,University of Pennsylvania,https://www.coursera.org/learn/wharton-launching-startup,wharton-launching-startup
Preparing for the Google Cloud Professional Cloud Architect Exam,Google Cloud,https://www.coursera.org/learn/preparing-cloud-professional-cloud-architect-exam,preparing-cloud-professional-cloud-architect-exam
Effective Business Presentations with Powerpoint,PwC,https://www.coursera.org/learn/powerpoint-presentations,powerpoint-presentations
More Introduction to Financial Accounting,University of Pennsylvania,https://www.coursera.org/learn/wharton-financial-accounting,wharton-financial-accounting
Dairy Production and Management,The Pennsylvania State University,https://www.coursera.org/learn/dairy-production,dairy-production
Introduction to Operations Management,University of Pennsylvania,https://www.coursera.org/learn/wharton-operations,wharton-operations
Preparing for the Google Cloud Associate Cloud Engineer Exam,Google Cloud,https://www.coursera.org/learn/preparing-cloud-associate-cloud-engineer-exam,preparing-cloud-associate-cloud-engineer-exam
European Business Law: Understanding the Fundamentals,Lund University,https://www.coursera.org/learn/european-law-fundamentals,european-law-fundamentals
Front-End Web Development with React,The Hong Kong University of Science and Technology,https://www.coursera.org/learn/front-end-react,front-end-react
Music Business Foundations,Berklee College of Music,https://www.coursera.org/learn/music-business-foundations,music-business-foundations
Introduction to Business Analytics: Communicating with Data,University of Illinois at Urbana-Champaign,https://www.coursera.org/learn/intro-business-analytics,intro-business-analytics
Security & Safety Challenges in a Globalized World,Universiteit Leiden,https://www.coursera.org/learn/security-safety-globalized-world,security-safety-globalized-world
Machine Learning Foundations: A Case Study Approach,University of Washington,https://www.coursera.org/learn/ml-foundations,ml-foundations
Accounting Analytics,University of Pennsylvania,https://www.coursera.org/learn/accounting-analytics,accounting-analytics
Strategic Business Management - Microeconomics,"University of California, Irvine",https://www.coursera.org/learn/strategic-business-management-microeconomics,strategic-business-management-microeconomics
Research Data Management and Sharing,The University of Edinburgh,https://www.coursera.org/learn/data-management,data-management
Strategic Management,Copenhagen Business School,https://www.coursera.org/learn/strategic-management,strategic-management
Cybersecurity Compliance Framework & System Administration,IBM,https://www.coursera.org/learn/cybersecurity-compliance-framework-system-administration,cybersecurity-compliance-framework-system-administration
Legal Tech & Startups,IE Business School,https://www.coursera.org/learn/legal-tech-startups,legal-tech-startups
The Business of Product Management I,Advancing Women in Product,https://www.coursera.org/learn/the-business-of-product-management-one,the-business-of-product-management-one
AI for Medical Prognosis,DeepLearning.AI,https://www.coursera.org/learn/ai-for-medical-prognosis,ai-for-medical-prognosis
UX / UI: Fundamentos para o design de interface,Universidade de São Paulo,https://www.coursera.org/learn/ux-ui-design-de-interface,ux-ui-design-de-interface
Industrial IoT on Google Cloud Platform,Google Cloud,https://www.coursera.org/learn/iiot-google-cloud-platform,iiot-google-cloud-platform
Database Management Essentials,University of Colorado System,https://www.coursera.org/learn/database-management,database-management
Fundamentals of Machine Learning for Healthcare,Stanford University,https://www.coursera.org/learn/fundamental-machine-learning-healthcare,fundamental-machine-learning-healthcare
Corporate Strategy,UCL School of Management,https://www.coursera.org/learn/corporatestrategy,corporatestrategy
Managing an Agile Team,University of Virginia,https://www.coursera.org/learn/uva-darden-agile-team-management,uva-darden-agile-team-management
Getting started with TensorFlow 2,Imperial College London,https://www.coursera.org/learn/getting-started-with-tensor-flow2,getting-started-with-tensor-flow2
Mathematics for Machine Learning: PCA,Imperial College London,https://www.coursera.org/learn/pca-machine-learning,pca-machine-learning
Object Oriented Programming in Java,University of California San Diego,https://www.coursera.org/learn/object-oriented-java,object-oriented-java
Embedded Software and Hardware Architecture,University of Colorado Boulder,https://www.coursera.org/learn/embedded-software-hardware,embedded-software-hardware
Memoir and Personal Essay: Managing Your Relationship with the Reader,Wesleyan University,https://www.coursera.org/learn/memoir-reader-relationship,memoir-reader-relationship
Математика и Python для анализа данных,Moscow Institute of Physics and Technology,https://www.coursera.org/learn/mathematics-and-python,mathematics-and-python
Accounting Data Analytics with Python,University of Illinois at Urbana-Champaign,https://www.coursera.org/learn/accounting-data-analytics-python,accounting-data-analytics-python
Managing as a Coach,"University of California, Davis",https://www.coursera.org/learn/managing-as-a-coach,managing-as-a-coach
A Crash Course in Data Science,Johns Hopkins University,https://www.coursera.org/learn/data-science-course,data-science-course
