name,institution,course_url,course_id,avg_rating,n_reviews,popularity_score,popularity_norm
Machine Learning,Stanford University,https://www.coursera.org/learn/machine-learning,machine-learning,4.7505223568742165,35895.0,49.82528912935702,0.9865363416335718
Technical Support Fundamentals,Google,https://www.coursera.org/learn/technical-support-fundamentals,technical-support-fundamentals,4.776182791132252,35319.0,50.01716365707868,0.9903354404032702
Become a CBRS Certified Professional Installer by Google,Google - Spectrum Sharing,https://www.coursera.org/learn/google-cbrs-cpi-training,google-cbrs-cpi-training,4.931034482758621,87.0,22.07790222311668,0.4371405218259755
Financial Markets,Yale University,https://www.coursera.org/learn/financial-markets-global,financial-markets-global,4.819466248037677,8918.0,43.83757154288109,0.8679800601605057
Programming for Everybody (Getting Started with Python),University of Michigan,https://www.coursera.org/learn/python,python,4.581781591401654,45218.0,49.1133660161244,0.9724403266193996
The Bits and Bytes of Computer Networking,Google,https://www.coursera.org/learn/computer-networking,computer-networking,4.6452454853273135,14176.0,44.40564919188475,0.8792279476370213
AI For Everyone,DeepLearning.AI,https://www.coursera.org/learn/ai-for-everyone,ai-for-everyone,4.843550624133148,21630.0,48.34775442360962,0.9572812844384129
Crash Course on Python,Google,https://www.coursera.org/learn/python-crash-course,python-crash-course,4.734439834024896,9399.0,43.312856965902434,0.857590757695438
Neural Networks and Deep Learning,DeepLearning.AI,https://www.coursera.org/learn/neural-networks-deep-learning,neural-networks-deep-learning,4.775888111888112,35750.0,50.07200381808666,0.9914212707669423
What is Data Science?,IBM,https://www.coursera.org/learn/what-is-datascience,what-is-datascience,4.632664674918196,21087.0,46.12493792244596,0.9132697132564067
Successful Negotiation: Essential Strategies and Skills,University of Michigan,https://www.coursera.org/learn/negotiation-skills,negotiation-skills,4.8064022446116565,7841.0,43.10020660045323,0.8533802991663836
Fundamentals of Project Planning and Management,University of Virginia,https://www.coursera.org/learn/uva-darden-project-management,uva-darden-project-management,4.771139705882353,3264.0,38.60336312639648,0.7643431939671108
Project Launch,"University of California, Irvine",https://www.coursera.org/learn/project-management,project-management,4.386792452830188,106.0,20.49873026438477,0.4058730559627462
"Brand Management: Aligning Business, Brand and Behaviour",London Business School,https://www.coursera.org/learn/brand,brand,4.897669706180345,2961.0,39.15011049138533,0.7751687436965571
"HTML, CSS, and Javascript for Web Developers",Johns Hopkins University,https://www.coursera.org/learn/html-css-javascript-for-web-developers,html-css-javascript-for-web-developers,4.760450160771704,9330.0,43.51573891704492,0.8616078024805461
Excel Skills for Business: Essentials,Macquarie University,https://www.coursera.org/learn/excel-essentials,excel-essentials,4.895534327796339,21251.0,48.780113930047136,0.9658419646312358
Introduction to Negotiation: A Strategic Playbook for Becoming a Principled and Persuasive Negotiator,Yale University,https://www.coursera.org/learn/negotiation,negotiation,4.918815331010453,2870.0,39.16565231925752,0.7754764705212128
"Everyday Excel, Part 1",University of Colorado Boulder,https://www.coursera.org/learn/everyday-excel-part-1,everyday-excel-part-1,4.829021372328459,889.0,32.794953587720485,0.649337196066765
Learning How to Learn: Powerful mental tools to help you master tough subjects,University of California San Diego,https://www.coursera.org/learn/learning-how-to-learn,learning-how-to-learn,4.802138540213854,32265.0,49.85469458267391,0.9871185670224503
Google Cloud Platform Fundamentals: Core Infrastructure,Google Cloud,https://www.coursera.org/learn/gcp-fundamentals,gcp-fundamentals,4.716958393113343,17425.0,46.06448842255838,0.9120728184763714
Viral Marketing and How to Craft Contagious Content,University of Pennsylvania,https://www.coursera.org/learn/wharton-contagious-viral-marketing,wharton-contagious-viral-marketing,4.75952582557155,3543.0,38.899658410843415,0.7702098145340817
Python Data Structures,University of Michigan,https://www.coursera.org/learn/python-data,python-data,4.846628510105527,33546.0,50.50527489626284,1.0
Private Equity and Venture Capital,Università Bocconi,https://www.coursera.org/learn/private-equity,private-equity,4.763448784082535,2714.0,37.662432800314654,0.745712856284275
"Introduction to TensorFlow for Artificial Intelligence, Machine Learning, and Deep Learning",DeepLearning.AI,https://www.coursera.org/learn/introduction-tensorflow,introduction-tensorflow,4.659183673469387,7350.0,41.478809608418445,0.8212767813582911
Operating Systems and You: Becoming a Power User,Google,https://www.coursera.org/learn/os-power-user,os-power-user,4.51353919239905,6315.0,39.49726551422468,0.7820423826095697
Tools for Data Science,IBM,https://www.coursera.org/learn/open-source-tools-for-data-science,open-source-tools-for-data-science,4.044048052420822,8241.0,36.46517446191604,0.7220072465067268
"Improving Deep Neural Networks: Hyperparameter tuning, Regularization and Optimization",DeepLearning.AI,https://www.coursera.org/learn/deep-neural-network,deep-neural-network,4.818517896151907,17853.0,47.17320757412613,0.9340253601434557
Design and Interpretation of Clinical Trials,Johns Hopkins University,https://www.coursera.org/learn/clinical-trials,clinical-trials,4.727472527472528,1365.0,34.13065940290377,0.6757840537054335
Visual Elements of User Interface Design,California Institute of the Arts,https://www.coursera.org/learn/visual-elements-user-interface-design,visual-elements-user-interface-design,4.594099694811801,1966.0,34.842868687533056,0.6898857348880854
Management of Fashion and Luxury Companies,Università Bocconi,https://www.coursera.org/learn/mafash,mafash,4.7145038167938935,2620.0,37.10932671124073,0.7347614043773208
Primeros Auxilios Psicológicos (PAP),Universitat Autònoma de Barcelona,https://www.coursera.org/learn/pap,pap,4.867940085199945,7277.0,43.28869938990912,0.8571124398159109
Initiating and Planning Projects,"University of California, Irvine",https://www.coursera.org/learn/project-planning,project-planning,4.71588132635253,8595.0,42.72141537683344,0.8458802662609531
Computational Thinking for Problem Solving,University of Pennsylvania,https://www.coursera.org/learn/computational-thinking-problem-solving,computational-thinking-problem-solving,4.687224669603524,681.0,30.58427998213852,0.6055660531490665
Agile with Atlassian Jira,Atlassian,https://www.coursera.org/learn/agile-atlassian-jira,agile-atlassian-jira,4.668542199488491,1955.0,35.38127932244419,0.7005462180953745
Fundamentals of Graphic Design,California Institute of the Arts,https://www.coursera.org/learn/fundamentals-of-graphic-design,fundamentals-of-graphic-design,4.793112085159675,7985.0,43.06824639864765,0.8527474899821703
Introduction to User Experience Design,Georgia Institute of Technology,https://www.coursera.org/learn/user-experience-design,user-experience-design,4.472292831723436,1967.0,33.921326265253946,0.6716392759949905
Introduction to Marketing,University of Pennsylvania,https://www.coursera.org/learn/wharton-marketing,wharton-marketing,4.731428571428571,5250.0,40.53023952966941,0.8024951772447131
Python for Data Science and AI,IBM,https://www.coursera.org/learn/python-for-applied-data-science-ai,python-for-applied-data-science-ai,4.313180623357116,7989.0,38.75800833691365,0.7674051555312208
Marketing Analytics,University of Virginia,https://www.coursera.org/learn/uva-darden-market-analytics,uva-darden-market-analytics,4.650664697193501,4062.0,38.64552098525459,0.7651779158638771
Natural Language Processing with Classification and Vector Spaces,DeepLearning.AI,https://www.coursera.org/learn/classification-vector-spaces-in-nlp,classification-vector-spaces-in-nlp,4.352112676056338,852.0,29.37136197429477,0.5815503832940847
Fundamentals of Quantitative Modeling,University of Pennsylvania,https://www.coursera.org/learn/wharton-quantitative-modeling,wharton-quantitative-modeling,4.565217391304348,3588.0,37.36917537263038,0.7399063850139648
How to Manage a Remote Team,GitLab,https://www.coursera.org/learn/remote-team-management,remote-team-management,5.0,15.0,13.862943611198906,0.27448506397942013
Mathematics for Machine Learning: Linear Algebra,Imperial College London,https://www.coursera.org/learn/linear-algebra-machine-learning,linear-algebra-machine-learning,4.605603905752494,4711.0,38.95358863012436,0.7712776281316063
Introduction to Data Science in Python,University of Michigan,https://www.coursera.org/learn/python-data-analysis,python-data-analysis,4.247900923593619,14292.0,40.64189907372855,0.8047060263944008
Customer Analytics,University of Pennsylvania,https://www.coursera.org/learn/wharton-customer-analytics,wharton-customer-analytics,4.447023208879919,5946.0,38.64748742875576,0.7652168512722123
English for Career Development,University of Pennsylvania,https://www.coursera.org/learn/careerdevelopment,careerdevelopment,4.853892215568862,7515.0,43.31996560268467,0.85773150807838
SQL for Data Science,"University of California, Davis",https://www.coursera.org/learn/sql-for-data-science,sql-for-data-science,4.506682161533992,5163.0,38.52972930171553,0.7628852507159911
Write Professional Emails in English,Georgia Institute of Technology,https://www.coursera.org/learn/professional-emails-english,professional-emails-english,4.817436831322558,8786.0,43.74728181493251,0.8661923314899055
System Administration and IT Infrastructure Services,Google,https://www.coursera.org/learn/system-administration-it-infrastructure-services,system-administration-it-infrastructure-services,4.656901408450704,5325.0,39.95787085343463,0.7911623278065026
Introduction to Social Media Marketing,Facebook,https://www.coursera.org/learn/social-media-marketing-introduction,social-media-marketing-introduction,4.886363636363637,132.0,23.89602414926539,0.47313917602364314
Forensic Accounting and Fraud Examination,West Virginia University,https://www.coursera.org/learn/forensic-accounting,forensic-accounting,4.725230645808264,2493.0,36.95906780068472,0.7317862911665792
Digital Product Management: Modern Fundamentals,University of Virginia,https://www.coursera.org/learn/uva-darden-digital-product-management,uva-darden-digital-product-management,4.7115659209900045,2101.0,36.04651614215794,0.7137178486048636
Data Science Math Skills,Duke University,https://www.coursera.org/learn/datasciencemathskills,datasciencemathskills,4.481234866828087,4956.0,38.12883780468905,0.7549476343412678
Structuring Machine Learning Projects,DeepLearning.AI,https://www.coursera.org/learn/machine-learning-projects,machine-learning-projects,4.711857292759706,14295.0,45.08180220276079,0.8926157177712271
The Strategy of Content Marketing,"University of California, Davis",https://www.coursera.org/learn/content-marketing,content-marketing,4.466124661246613,2214.0,34.40259257649264,0.6811683066205481
Introduction to Cybersecurity Tools & Cyber Attacks,IBM,https://www.coursera.org/learn/introduction-cybersecurity-cyber-attacks,introduction-cybersecurity-cyber-attacks,4.265541740674956,3378.0,34.658955969350565,0.6862442792468628
The Data Scientist’s Toolbox,Johns Hopkins University,https://www.coursera.org/learn/data-scientists-tools,data-scientists-tools,4.490623934538016,17598.0,43.89853148474706,0.8691870616468094
Convolutional Neural Networks in TensorFlow,DeepLearning.AI,https://www.coursera.org/learn/convolutional-neural-networks-tensorflow,convolutional-neural-networks-tensorflow,4.468628299437473,2311.0,34.61340597536337,0.6853423933729466
Convolutional Neural Networks,DeepLearning.AI,https://www.coursera.org/learn/convolutional-neural-networks,convolutional-neural-networks,3.8819277108433736,3735.0,31.931847609038098,0.6322477736162349
Using Python to Access Web Data,University of Michigan,https://www.coursera.org/learn/python-network-data,python-network-data,4.717531955183841,19011.0,46.48101979486428,0.9203201030057885
Introduction to Systematic Review and Meta-Analysis,Johns Hopkins University,https://www.coursera.org/learn/systematic-review,systematic-review,4.847051198963059,1543.0,35.587688407675394,0.7046330998251574
Organizational Analysis,Stanford University,https://www.coursera.org/learn/organizational-analysis,organizational-analysis,,,0.0,0.0
Communication Strategies for a Virtual Age,University of Toronto,https://www.coursera.org/learn/communication-strategies-virtual-age,communication-strategies-virtual-age,4.877777777777778,2430.0,38.02743834138643,0.7529399338879806
Managing the Company of the Future,London Business School,https://www.coursera.org/learn/company-future-management,company-future-management,4.836814621409921,2298.0,37.43805533844332,0.7412702022776945
Finance for Non-Finance Professionals,Rice University,https://www.coursera.org/learn/finance-for-non-finance,finance-for-non-finance,4.814516129032258,1116.0,33.79020866164768,0.6690431589779943
Site Reliability Engineering: Measuring and Managing Reliability,Google Cloud,https://www.coursera.org/learn/site-reliability-engineering-slos,site-reliability-engineering-slos,4.254278728606357,409.0,25.594409432457542,0.5067670552239962
Data Science Methodology,IBM,https://www.coursera.org/learn/data-science-methodology,data-science-methodology,4.330518697225573,4974.0,36.86215745722288,0.7298674748912318
Introduction to Financial Accounting,University of Pennsylvania,https://www.coursera.org/learn/wharton-accounting,wharton-accounting,4.776857490864799,4105.0,39.74443165747241,0.786936250502684
Marketing in a Digital World,University of Illinois at Urbana-Champaign,https://www.coursera.org/learn/marketing-digital,marketing-digital,4.733581494283436,11283.0,44.16971669954427,0.8745565050436469
Principles of Sustainable Finance,Erasmus University Rotterdam,https://www.coursera.org/learn/sustainable-finance,sustainable-finance,4.909090909090909,132.0,24.007168447634065,0.47533982335398567
Financial Engineering and Risk Management Part I,Columbia University,https://www.coursera.org/learn/financial-engineering-1,financial-engineering-1,4.4119127516778525,1192.0,31.254988887426965,0.6188460304715556
Business Metrics for Data-Driven Companies,Duke University,https://www.coursera.org/learn/analytics-business-metrics,analytics-business-metrics,4.601558809636278,4234.0,38.42825542793093,0.7608760769417066
Python Basics,University of Michigan,https://www.coursera.org/learn/python-basics,python-basics,4.811849244757296,6819.0,42.47715137182583,0.8410438604496924
IT Security: Defense against the digital dark arts,Google,https://www.coursera.org/learn/it-security,it-security,4.7608391608391605,4290.0,39.82096837665895,0.788451670809647
An Introduction to Consumer Neuroscience & Neuromarketing,Copenhagen Business School,https://www.coursera.org/learn/neuromarketing,neuromarketing,4.744525547445256,1370.0,34.271110888434336,0.67856498076343
"Divide and Conquer, Sorting and Searching, and Randomized Algorithms",Stanford University,https://www.coursera.org/learn/algorithms-divide-conquer,algorithms-divide-conquer,,,0.0,0.0
Using Python to Interact with the Operating System,Google,https://www.coursera.org/learn/python-operating-system,python-operating-system,4.614047791455467,1381.0,33.365503831698454,0.660634040706258
Object-Oriented Data Structures in C++,University of Illinois at Urbana-Champaign,https://www.coursera.org/learn/cs-fundamentals-1,cs-fundamentals-1,4.636898920510304,1019.0,32.12238577739455,0.6360204125880613
Google Cloud Platform Big Data and Machine Learning Fundamentals,Google Cloud,https://www.coursera.org/learn/gcp-big-data-ml-fundamentals,gcp-big-data-ml-fundamentals,4.569328760411563,6123.0,39.84441316889155,0.7889158756334154
Databases and SQL for Data Science,IBM,https://www.coursera.org/learn/sql-data-science,sql-data-science,4.386113463166808,3543.0,35.84775494897151,0.7097823944647826
Natural Language Processing in TensorFlow,DeepLearning.AI,https://www.coursera.org/learn/natural-language-processing-tensorflow,natural-language-processing-tensorflow,4.236006051437216,1983.0,32.16344448708848,0.6368333714280691
"Advanced Valuation and Strategy - M&A, Private Equity, and Venture Capital",Erasmus University Rotterdam,https://www.coursera.org/learn/advanced-valuation-and-strategy,advanced-valuation-and-strategy,4.629072681704261,399.0,27.73492485841715,0.5491490723569827
Natural Language Processing with Probabilistic Models,DeepLearning.AI,https://www.coursera.org/learn/probabilistic-models-in-nlp,probabilistic-models-in-nlp,4.555555555555555,297.0,25.953425882969064,0.5138755493614687
IBM Customer Engagement Specialist Professional Certificate,IBM,https://www.coursera.org/learn/ibm-customer-engagement-specialist,ibm-customer-engagement-specialist,4.860377358490566,530.0,30.49771125796082,0.6038520000257935
Camino a la Excelencia en Gestión de Proyectos,Pontificia Universidad Católica de Chile,https://www.coursera.org/learn/camino-excelencia-gestion-proyectos,camino-excelencia-gestion-proyectos,4.552770448548813,4548.0,38.34644987311884,0.7592563341528571
Introduction to HTML5,University of Michigan,https://www.coursera.org/learn/html,html,3.995149555375909,3711.0,32.837436989558526,0.6501783636858959
Wine Tasting: Sensory Techniques for Wine Analysis,"University of California, Davis",https://www.coursera.org/learn/wine,wine,4.277777777777778,198.0,22.643581750210327,0.44834092669963566
Excel Skills for Business: Intermediate I,Macquarie University,https://www.coursera.org/learn/excel-intermediate-1,excel-intermediate-1,4.913308341143392,6402.0,43.06279860417274,0.8526396241308092
"Programming Foundations with JavaScript, HTML and CSS",Duke University,https://www.coursera.org/learn/duke-programming-web,duke-programming-web,4.5482014388489205,6255.0,39.75717632822113,0.7871885938623606
Build a Modern Computer from First Principles: From Nand to Tetris (Project-Centered Course),Hebrew University of Jerusalem,https://www.coursera.org/learn/build-a-computer,build-a-computer,4.924654268001907,2097.0,37.66739904651936,0.7458111875222477
Food & Beverage Management,Università Bocconi,https://www.coursera.org/learn/food-beverage-management,food-beverage-management,4.799682034976152,1887.0,36.20531356709657,0.7168620236492484
Data Analysis with Python,IBM,https://www.coursera.org/learn/data-analysis-with-python,data-analysis-with-python,4.457589285714286,4928.0,37.90239763212196,0.7504641388443678
Project Planning,"University of California, Irvine",https://www.coursera.org/learn/project-planning-1,project-planning-1,4.35,60.0,17.882301309153902,0.3540679928162734
Agile Meets Design Thinking,University of Virginia,https://www.coursera.org/learn/uva-darden-getting-started-agile,uva-darden-getting-started-agile,4.789983844911147,1857.0,36.055434250312224,0.713894426361793
AWS Fundamentals: Going Cloud-Native,Amazon Web Services,https://www.coursera.org/learn/aws-fundamentals-going-cloud-native,aws-fundamentals-going-cloud-native,4.686307519640853,5346.0,40.228627159235046,0.796523278842935
Construction Project Management,Columbia University,https://www.coursera.org/learn/construction-project-management,construction-project-management,4.79750903977501,2489.0,37.51670294581236,0.7428274179849762
Machine Learning with Python,IBM,https://www.coursera.org/learn/machine-learning-with-python,machine-learning-with-python,4.515873015873016,4536.0,38.023746889911074,0.7528668434735053
Data Management for Clinical Research,Vanderbilt University,https://www.coursera.org/learn/clinical-data-management,clinical-data-management,4.76885043263288,809.0,31.937154669341528,0.632352852943381
Foundations of Data Science: K-Means Clustering in Python,University of London,https://www.coursera.org/learn/data-science-k-means-clustering-python,data-science-k-means-clustering-python,4.684210526315789,228.0,25.45269780612249,0.5039611774889255
Instructional Design Foundations and Applications,University of Illinois at Urbana-Champaign,https://www.coursera.org/learn/instructional-design-foundations-applications,instructional-design-foundations-applications,3.6666666666666665,189.0,19.23908826458845,0.38093225517741025
"Speak English Professionally: In Person, Online & On the Phone",Georgia Institute of Technology,https://www.coursera.org/learn/speak-english-professionally,speak-english-professionally,4.765037593984962,6384.0,41.74986213921604,0.8266435976236086
Essential Google Cloud Infrastructure: Foundation,Google Cloud,https://www.coursera.org/learn/gcp-infrastructure-foundation,gcp-infrastructure-foundation,4.727941176470588,4352.0,39.6136250604274,0.7843462913882413
Introduction to Artificial Intelligence (AI),IBM,https://www.coursera.org/learn/introduction-to-ai,introduction-to-ai,4.765455531453362,3688.0,39.13921380430087,0.7749529902508657
International Leadership and Organizational Behavior,Università Bocconi,https://www.coursera.org/learn/organizational-behavior,organizational-behavior,4.844660194174757,1236.0,34.49613341576555,0.6830204070093697
Driving business towards the Sustainable Development Goals,Erasmus University Rotterdam,https://www.coursera.org/learn/sdgbusiness,sdgbusiness,4.873239436619718,213.0,26.149685932360004,0.5177614810744245
Devenir entrepreneur du changement,HEC Paris,https://www.coursera.org/learn/entrepreneur-changement,entrepreneur-changement,4.7561436672967865,529.0,29.834704250416177,0.5907245196010963
Entrepreneurship 1: Developing the Opportunity,University of Pennsylvania,https://www.coursera.org/learn/wharton-entrepreneurship-opportunity,wharton-entrepreneurship-opportunity,4.801242236024844,1932.0,36.33017648713068,0.7193342984817402
Circular Economy - Sustainable Materials Management,Delft University of Technology,https://www.coursera.org/learn/circular-economy,circular-economy,,,0.0,0.0
R Programming,Johns Hopkins University,https://www.coursera.org/learn/r-programming,r-programming,4.238336713995944,11832.0,39.74986610055789,0.7870438519977088
Economics of Money and Banking,Columbia University,https://www.coursera.org/learn/money-banking,money-banking,4.955719557195572,813.0,33.213036057348376,0.6576151921867074
The Power of Macroeconomics: Economic Principles in the Real World,"University of California, Irvine",https://www.coursera.org/learn/principles-of-macroeconomics,principles-of-macroeconomics,4.639502762430939,1448.0,33.76921908460659,0.6686275671990325
Behavioral Finance,Duke University,https://www.coursera.org/learn/duke-behavioral-finance,duke-behavioral-finance,4.093023255813954,1677.0,30.39216251434369,0.601762144187291
Project Execution,"University of California, Irvine",https://www.coursera.org/learn/project-execution,project-execution,3.928571428571429,42.0,14.77614331165328,0.29256633771429386
Microeconomics Principles,University of Illinois at Urbana-Champaign,https://www.coursera.org/learn/microeconomics,microeconomics,4.820487804878049,1025.0,33.42248114159557,0.6617621864299303
Design Thinking for Innovation,University of Virginia,https://www.coursera.org/learn/uva-darden-design-thinking-innovation,uva-darden-design-thinking-innovation,4.677365799667958,5421.0,40.21702030661615,0.7962934641821349
Financial Accounting Fundamentals,University of Virginia,https://www.coursera.org/learn/uva-darden-financial-accounting,uva-darden-financial-accounting,4.841791044776119,1005.0,33.474871590358234,0.6627995127066464
Understanding Clinical Research: Behind the Statistics,University of Cape Town,https://www.coursera.org/learn/clinical-research,clinical-research,4.812720848056537,1698.0,35.79603164564372,0.7087582776089882
Fashion as Design,The Museum of Modern Art,https://www.coursera.org/learn/fashion-design,fashion-design,4.841673502871206,1219.0,34.40786663237616,0.6812727324630835
Teamwork Skills: Communicating Effectively in Groups,University of Colorado Boulder,https://www.coursera.org/learn/teamwork-skills-effective-communication,teamwork-skills-effective-communication,4.781685870224378,1649.0,35.425265930845434,0.7014171490722199
International Organizations Management,University of Geneva,https://www.coursera.org/learn/international-organizations-management,international-organizations-management,4.837037037037037,810.0,32.39977066175826,0.6415126088969312
Marketing Digital,Universidade de São Paulo,https://www.coursera.org/learn/estrategia-marketing-digital,estrategia-marketing-digital,4.798927613941019,1119.0,33.69367371602564,0.6671317755468512
"Excel/VBA for Creative Problem Solving, Part 1",University of Colorado Boulder,https://www.coursera.org/learn/excel-vba-for-creative-problem-solving-part-1,excel-vba-for-creative-problem-solving-part-1,4.859037328094303,2036.0,37.02213958090952,0.7330351068666094
Introduction to Probability and Data with R,Duke University,https://www.coursera.org/learn/probability-intro,probability-intro,4.62962962962963,2916.0,36.93662486049871,0.7313419229252003
Understanding and Visualizing Data with Python,University of Michigan,https://www.coursera.org/learn/understanding-visualization-data,understanding-visualization-data,4.635391923990499,842.0,31.22848222931264,0.6183212009726811
Fundamentals of Visualization with Tableau,"University of California, Davis",https://www.coursera.org/learn/data-visualization-tableau,data-visualization-tableau,4.355434782608696,2760.0,34.50962639696101,0.6832875668500631
Getting Started with SAS Programming,SAS,https://www.coursera.org/learn/sas-programming-basics,sas-programming-basics,4.874587458745874,909.0,33.21273159563562,0.6576091638715782
Machine Learning for All,University of London,https://www.coursera.org/learn/uol-machine-learning-for-all,uol-machine-learning-for-all,4.69271758436945,1689.0,34.878547460953875,0.690592171463158
Using Databases with Python,University of Michigan,https://www.coursera.org/learn/python-databases,python-databases,4.705329949238578,7880.0,42.21720879253764,0.8358970202469193
Sports Marketing,Northwestern University,https://www.coursera.org/learn/sports-marketing,sports-marketing,4.659722222222222,432.0,28.28795149645605,0.5600989511404328
Introduction to Programming with MATLAB,Vanderbilt University,https://www.coursera.org/learn/matlab,matlab,4.825731398295324,8682.0,43.76514857618416,0.8665460917909503
Preparing to Manage Human Resources,University of Minnesota,https://www.coursera.org/learn/managing-human-resources,managing-human-resources,4.855762594893029,4347.0,40.67901152700095,0.805440849704414
Building Scalable Java Microservices with Spring Boot and Spring Cloud,Google Cloud,https://www.coursera.org/learn/google-cloud-java-spring,google-cloud-java-spring,4.019027484143764,473.0,24.7620615614003,0.4902866405986552
Google Cloud Product Fundamentals,Google Cloud,https://www.coursera.org/learn/google-cloud-product-fundamentals,google-cloud-product-fundamentals,4.7,270.0,26.329958458134595,0.5213308612261982
Engineering Health: Introduction to Yoga and Physiology,New York University,https://www.coursera.org/learn/engineering-health-yoga-physiology,engineering-health-yoga-physiology,4.581818181818182,165.0,23.422198593924527,0.4637574717102998
AI for Medical Diagnosis,DeepLearning.AI,https://www.coursera.org/learn/ai-for-medical-diagnosis,ai-for-medical-diagnosis,4.602346805736636,767.0,30.577024456338048,0.6054223943764854
Natural Language Processing with Sequence Models,DeepLearning.AI,https://www.coursera.org/learn/sequence-models-in-nlp,sequence-models-in-nlp,3.967741935483871,186.0,20.755689028164973,0.4109608168809472
Innovation Management,Erasmus University Rotterdam,https://www.coursera.org/learn/innovation-management,innovation-management,4.721014492753623,828.0,31.72625674688873,0.6281770926314932
The Manager's Toolkit: A Practical Guide to Managing People at Work,"Birkbeck, University of London",https://www.coursera.org/learn/people-management,people-management,4.68107302533532,1342.0,33.71618303767435,0.667577458135352
Essential Google Cloud Infrastructure: Core Services,Google Cloud,https://www.coursera.org/learn/gcp-infrastructure-core-services,gcp-infrastructure-core-services,4.665283540802213,2169.0,35.84095891031935,0.7096478334973169
Weight Management: Beyond Balancing Calories,Emory University,https://www.coursera.org/learn/weight-management-beyond-balancing-calories,weight-management-beyond-balancing-calories,4.778481012658228,474.0,29.451282766114897,0.583132807941496
Java Programming: Solving Problems with Software,Duke University,https://www.coursera.org/learn/java-programming,java-programming,4.495421245421245,3276.0,36.38901284932462,0.7204992532773491
"Competencias digitales. Herramientas de ofimática (Microsoft Word, Excel, Power Point)",Universitat Autònoma de Barcelona,https://www.coursera.org/learn/competencias-digitales-ofimatica,competencias-digitales-ofimatica,4.772351615326822,2662.0,37.6405326349287,0.7452792349361893
People Analytics,University of Pennsylvania,https://www.coursera.org/learn/wharton-people-analytics,wharton-people-analytics,4.523022432113341,2541.0,35.463691164878334,0.7021779653258057
UX Design Fundamentals,California Institute of the Arts,https://www.coursera.org/learn/ux-design-fundamentals,ux-design-fundamentals,4.791376912378303,719.0,31.52367235796217,0.6241659395520839
Investment Management in an Evolving and Volatile World by HEC Paris and AXA Investment Managers,HEC Paris,https://www.coursera.org/learn/investment-management,investment-management,4.604651162790698,301.0,26.29452440558661,0.5206292701028796
Introduction to Data Analysis Using Excel,Rice University,https://www.coursera.org/learn/excel-data-analysis,excel-data-analysis,4.709333333333333,4500.0,39.61517041662752,0.7843768893050588
Mind Control: Managing Your Mental Health During COVID-19,University of Toronto,https://www.coursera.org/learn/manage-health-covid-19,manage-health-covid-19,4.838876570583888,4059.0,40.20592663691394,0.7960738104979406
Politics and Economics of International Energy,Sciences Po,https://www.coursera.org/learn/global-energy,global-energy,4.721111111111111,900.0,32.120104266197586,0.6359752388670659
Continuous Delivery & DevOps,University of Virginia,https://www.coursera.org/learn/uva-darden-continous-delivery-devops,uva-darden-continous-delivery-devops,4.548523206751055,711.0,29.87505480380637,0.5915234570085864
Business Model Innovation,HEC Paris,https://www.coursera.org/learn/business-model,business-model,4.698630136986301,219.0,25.342660936970685,0.5017824571596565
Introduction to User Experience Principles and Processes,University of Michigan,https://www.coursera.org/learn/introtoux-principles-and-processes,introtoux-principles-and-processes,4.785063752276867,549.0,30.19336123297096,0.5978258963046478
Process Mining: Data science in Action,Eindhoven University of Technology,https://www.coursera.org/learn/process-mining,process-mining,4.785992217898833,514.0,29.884534193838117,0.5917111480973136
Introduction to Corporate Finance,University of Pennsylvania,https://www.coursera.org/learn/wharton-finance,wharton-finance,4.443579766536965,2313.0,34.423225605660065,0.6815768387829768
Algorithmic Toolbox,University of California San Diego,https://www.coursera.org/learn/algorithmic-toolbox,algorithmic-toolbox,4.529933481152994,5412.0,38.941839289814254,0.7710449922270549
A Crash Course in Causality:  Inferring Causal Effects from Observational Data,University of Pennsylvania,https://www.coursera.org/learn/crash-course-in-causality,crash-course-in-causality,4.655555555555556,270.0,26.080975399428837,0.516401018566849
English for Business and Entrepreneurship,University of Pennsylvania,https://www.coursera.org/learn/business,business,4.8758465011286685,2658.0,38.44948904082376,0.761296500609065
Natural Language Processing with Attention Models,DeepLearning.AI,https://www.coursera.org/learn/attention-models-in-nlp,attention-models-in-nlp,3.326530612244898,49.0,13.013464283363016,0.257665448016915
Data Visualization with Python,IBM,https://www.coursera.org/learn/python-for-data-visualization,python-for-data-visualization,4.057674702471773,3277.0,32.846831105420286,0.6503643663535589
Data-driven Decision Making,PwC,https://www.coursera.org/learn/decision-making,decision-making,4.517316017316017,2772.0,35.81185863679681,0.70907165064152
Fundamentals of Engineering Exam Review,Georgia Institute of Technology,https://www.coursera.org/learn/fe-exam,fe-exam,4.430051813471502,386.0,26.39613011678997,0.5226410542464578
Managerial Accounting Fundamentals,University of Virginia,https://www.coursera.org/learn/uva-darden-managerial-accounting,uva-darden-managerial-accounting,4.87012987012987,231.0,26.526318368504757,0.5252187701777579
International Security Management,Erasmus University Rotterdam,https://www.coursera.org/learn/international-security-management,international-security-management,4.610169491525424,177.0,23.888900435244867,0.4729981271127095
Getting Started with AWS Machine Learning,Amazon Web Services,https://www.coursera.org/learn/aws-machine-learning,aws-machine-learning,4.405187835420394,3354.0,35.762226939466444,0.7080889474004761
Arts and Heritage Management,Università Bocconi,https://www.coursera.org/learn/arts-heritage,arts-heritage,4.793478260869565,552.0,30.272531289905977,0.599393456467376
Equine Welfare and Management,"University of California, Davis",https://www.coursera.org/learn/equine,equine,4.949367088607595,158.0,25.08786763377355,0.49673757217050485
Introduction to Web Development,"University of California, Davis",https://www.coursera.org/learn/web-development,web-development,4.6602634467618005,1822.0,34.990370711194586,0.6928062619808394
Engineering Project Management: Initiating and Planning,Rice University,https://www.coursera.org/learn/initiating-planning,initiating-planning,4.795234549516009,1343.0,34.542019028872026,0.6839289381123234
Kotlin for Java Developers,JetBrains,https://www.coursera.org/learn/kotlin-for-java-developers,kotlin-for-java-developers,4.5473251028806585,729.0,29.98071691451602,0.593615557505548
Mathematics for Machine Learning: Multivariate Calculus,Imperial College London,https://www.coursera.org/learn/multivariate-calculus-machine-learning,multivariate-calculus-machine-learning,4.716243654822335,1970.0,35.77882182221113,0.70841752461897
Introducción a la programación en Python I: Aprendiendo a programar con Python,Pontificia Universidad Católica de Chile,https://www.coursera.org/learn/aprendiendo-programar-python,aprendiendo-programar-python,4.225369458128079,2436.0,32.95164112929567,0.65243959560616
Modernizing Data Lakes and Data Warehouses with GCP,Google Cloud,https://www.coursera.org/learn/data-lakes-data-warehouses-gcp,data-lakes-data-warehouses-gcp,4.644549763033176,633.0,29.966862442409862,0.593341240176623
Financial Acumen for Non-Financial Managers,University of Pennsylvania,https://www.coursera.org/learn/finance-healthcare-managers,finance-healthcare-managers,4.072463768115942,207.0,21.73693044052276,0.43038931052588314
Python and Statistics for Financial Analysis,The Hong Kong University of Science and Technology,https://www.coursera.org/learn/python-statistics-financial-analysis,python-statistics-financial-analysis,4.363636363636363,1177.0,30.85777468019577,0.610981224111288
Autodesk Certified Professional: Revit for Architectural Design Exam Prep,Autodesk,https://www.coursera.org/learn/autodesk-revit-architectural-design,autodesk-revit-architectural-design,4.7735191637630665,287.0,27.032250375561837,0.5352361794106797
"Leading for Equity, Diversity and Inclusion in Higher Education",University of Michigan,https://www.coursera.org/learn/leading-for-equity-diversity-inclusion,leading-for-equity-diversity-inclusion,4.78125,96.0,21.872836865969298,0.4330802457940445
Digital Media and Marketing Strategies,University of Illinois at Urbana-Champaign,https://www.coursera.org/learn/marketing-plan,marketing-plan,,,0.0,0.0
Budgeting and Scheduling Projects,"University of California, Irvine",https://www.coursera.org/learn/schedule-projects,schedule-projects,4.753946861763573,2597.0,37.37789387639904,0.740079010621618
Machine Learning for Business Professionals,Google Cloud,https://www.coursera.org/learn/machine-learning-business-professionals,machine-learning-business-professionals,4.576555023923445,2508.0,35.82362309138509,0.7093045858074495
Introduction to Accounting Data Analytics and Visualization,University of Illinois at Urbana-Champaign,https://www.coursera.org/learn/intro-accounting-data-analytics-visual,intro-accounting-data-analytics-visual,4.883720930232558,129.0,23.77167987431796,0.47067717031824247
Financing and Investing in Infrastructure,Università Bocconi,https://www.coursera.org/learn/infrastructure-investing,infrastructure-investing,4.8359375,1024.0,33.52488472565143,0.6637897683857993
Global Environmental Management,Technical University of Denmark (DTU),https://www.coursera.org/learn/global-environmental-management,global-environmental-management,4.677290836653387,753.0,30.988887012116894,0.6135772367493822
Operations Analytics,University of Pennsylvania,https://www.coursera.org/learn/wharton-operations-analytics,wharton-operations-analytics,4.6824324324324325,2368.0,36.38354513839215,0.7203909930818804
Entrepreneurship Strategy: From Ideation to Exit,HEC Paris,https://www.coursera.org/learn/entrepreneurship-strategy,entrepreneurship-strategy,1.0,6.0,1.9459101490553128,0.03852884976969606
The Art of Music Production,Berklee College of Music,https://www.coursera.org/learn/producing-music,producing-music,4.837083010085338,1289.0,34.64511124593709,0.6859701549411954
Bayesian Statistics: From Concept to Data Analysis,"University of California, Santa Cruz",https://www.coursera.org/learn/bayesian-statistics,bayesian-statistics,4.445723684210527,1824.0,33.38442964480732,0.6610087701409109
Introduction to Data Analytics,IBM,https://www.coursera.org/learn/introduction-to-data-analytics,introduction-to-data-analytics,4.777777777777778,54.0,19.14614744055514,0.37909203503754946
Fundamentos de Excel para Negocios,Universidad Austral,https://www.coursera.org/learn/excel-para-negocios,excel-para-negocios,4.820714718352513,3302.0,39.06025763760466,0.77338966509605
Elastic Google Cloud Infrastructure: Scaling and Automation,Google Cloud,https://www.coursera.org/learn/gcp-infrastructure-scaling-automation,gcp-infrastructure-scaling-automation,4.5952,1875.0,34.63354968978246,0.6857412371464032
Introduction to Engineering Mechanics,Georgia Institute of Technology,https://www.coursera.org/learn/engineering-mechanics-statics,engineering-mechanics-statics,4.75792507204611,2082.0,36.3579910447316,0.7198850242753936
Design-Led Strategy: Design thinking for business strategy and entrepreneurship,The University of Sydney,https://www.coursera.org/learn/design-strategy,design-strategy,4.662460567823344,317.0,26.865337361984547,0.5319313164251772
Biology Meets Programming: Bioinformatics for Beginners,University of California San Diego,https://www.coursera.org/learn/bioinformatics,bioinformatics,4.239766081871345,855.0,28.628046916390424,0.5668328105369598
Ordered Data Structures,University of Illinois at Urbana-Champaign,https://www.coursera.org/learn/cs-fundamentals-2,cs-fundamentals-2,4.717314487632509,283.0,26.647988013940672,0.5276278184541175
Programming Fundamentals,Duke University,https://www.coursera.org/learn/programming-fundamentals,programming-fundamentals,4.651638196583591,3571.0,38.05449827149315,0.7534757181236333
Understanding Financial Markets,University of Geneva,https://www.coursera.org/learn/understanding-financial-markets,understanding-financial-markets,4.731527093596059,2436.0,36.89892311826113,0.7305954317455162
Introduction to Software Product Management,University of Alberta,https://www.coursera.org/learn/introduction-to-software-product-management,introduction-to-software-product-management,4.585151416476718,3071.0,36.81915145925808,0.7290159599147639
Excel Skills for Business: Intermediate II,Macquarie University,https://www.coursera.org/learn/excel-intermediate-2,excel-intermediate-2,4.721479958890031,2919.0,37.6742886791728,0.7459476016427053
Business Writing,University of Colorado Boulder,https://www.coursera.org/learn/writing-for-business,writing-for-business,4.8117797695262485,2343.0,37.33755438965296,0.7392802923327078
Autodesk Certified Professional: AutoCAD for Design and Drafting Exam Prep,Autodesk,https://www.coursera.org/learn/autodesk-autocad-design-drafting,autodesk-autocad-design-drafting,4.707070707070707,891.0,31.977325432144287,0.633148230513056
Business English: Networking,University of Washington,https://www.coursera.org/learn/business-english-intro,business-english-intro,4.878914405010439,1437.0,35.47462829637303,0.7023945195672618
Summary Statistics in Public Health,Johns Hopkins University,https://www.coursera.org/learn/summary-statistics,summary-statistics,4.793427230046948,639.0,30.972577502615703,0.6132543098960052
Probability and Statistics: To p or not to p?,University of London,https://www.coursera.org/learn/probability-statistics,probability-statistics,4.682142857142857,840.0,31.532320236516195,0.6243371667867001
Mastering Data Analysis in Excel,Duke University,https://www.coursera.org/learn/analytics-excel,analytics-excel,3.8379446640316206,2277.0,29.67135416138704,0.587490202208217
Basic Statistics,University of Amsterdam,https://www.coursera.org/learn/basic-statistics,basic-statistics,4.624323198667222,2401.0,35.99599537705586,0.7127175419001511
"Capstone: Retrieving, Processing, and Visualizing Data with Python",University of Michigan,https://www.coursera.org/learn/python-data-visualization,python-data-visualization,4.501954652071931,3837.0,37.1533112147588,0.7356322936776645
Design Thinking for the Greater Good: Innovation in the Social Sector,University of Virginia,https://www.coursera.org/learn/uva-darden-design-thinking-social-sector,uva-darden-design-thinking-social-sector,4.583333333333333,252.0,25.361368490001134,0.5021528650639571
Introduction to Portfolio Construction and Analysis with Python,EDHEC Business School,https://www.coursera.org/learn/introduction-portfolio-construction-python,introduction-portfolio-construction-python,4.748603351955308,537.0,29.858546235405125,0.5911965888064995
Data Analytics for Lean Six Sigma,University of Amsterdam,https://www.coursera.org/learn/data-analytics-for-lean-six-sigma,data-analytics-for-lean-six-sigma,4.880248833592535,1929.0,36.9204258702937,0.7310211843441652
Building Containerized Applications on AWS,Amazon Web Services,https://www.coursera.org/learn/containerized-apps-on-aws,containerized-apps-on-aws,4.410714285714286,112.0,20.85115698610622,0.4128510740498733
Business Transformation with Google Cloud,Google Cloud,https://www.coursera.org/learn/business-transformation-google-cloud,business-transformation-google-cloud,4.832989690721649,485.0,29.897882503964446,0.5919754434635649
Excel aplicado a los negocios (Nivel Avanzado),Universidad Austral,https://www.coursera.org/learn/excel-aplicado-negocios-avanzado,excel-aplicado-negocios-avanzado,4.723905723905724,1782.0,35.363406810983115,0.700192343940689
Managing Project Risks and Changes,"University of California, Irvine",https://www.coursera.org/learn/project-risk-management,project-risk-management,4.78017789072427,2361.0,37.12890362871791,0.7351490256211887
L'excellence opérationnelle en pratique,ESSEC Business School,https://www.coursera.org/learn/excellence-operationnelle,excellence-operationnelle,4.682926829268292,246.0,25.800062454452966,0.5108389669682216
Introduction to Cloud Computing,IBM,https://www.coursera.org/learn/introduction-to-cloud,introduction-to-cloud,4.906666666666666,225.0,26.596758396429347,0.5266134765340598
Functional Programming Principles in Scala,École Polytechnique Fédérale de Lausanne,https://www.coursera.org/learn/progfun1,progfun1,4.728097397947004,4189.0,39.434488372360455,0.7807994007231595
"Python Functions, Files, and Dictionaries",University of Michigan,https://www.coursera.org/learn/python-functions-files-dictionaries,python-functions-files-dictionaries,4.814420062695925,1595.0,35.507579385164206,0.7030469482266218
Introduction to Embedded Systems Software and Development Environments,University of Colorado Boulder,https://www.coursera.org/learn/introduction-embedded-systems,introduction-embedded-systems,4.317757009345795,321.0,24.93311041160296,0.49367339278551076
Personal & Family Financial Planning,University of Florida,https://www.coursera.org/learn/family-planning,family-planning,4.583333333333333,1080.0,32.01752499751304,0.633944178371004
Introducción a Data Science: Programación Estadística con R,Universidad Nacional Autónoma de México,https://www.coursera.org/learn/intro-data-science-programacion-estadistica-r,intro-data-science-programacion-estadistica-r,4.716403634624582,6273.0,41.24103228687645,0.8165688113090163
"Cybersecurity Roles, Processes & Operating System Security",IBM,https://www.coursera.org/learn/cybersecurity-roles-processes-operating-system-security,cybersecurity-roles-processes-operating-system-security,4.508196721311475,976.0,31.03662015265189,0.6145223487328936
Computational Neuroscience,University of Washington,https://www.coursera.org/learn/computational-neuroscience,computational-neuroscience,4.604081632653061,490.0,28.52893459653967,0.5648703953228197
Smart Cities – Management of Smart Urban Infrastructures,École Polytechnique Fédérale de Lausanne,https://www.coursera.org/learn/smart-cities,smart-cities,4.627272727272727,660.0,30.04837004076825,0.5949550834539007
Probabilistic Graphical Models 1: Representation,Stanford University,https://www.coursera.org/learn/probabilistic-graphical-models,probabilistic-graphical-models,,,0.0,0.0
The Power of Microeconomics: Economic Principles in the Real World,"University of California, Irvine",https://www.coursera.org/learn/principles-of-microeconomics,principles-of-microeconomics,4.663934426229508,732.0,30.76865495388118,0.6092166613701161
Mathematical Thinking in Computer Science,University of California San Diego,https://www.coursera.org/learn/what-is-a-proof,what-is-a-proof,4.2722063037249285,1047.0,29.71165199867493,0.5882880958415189
Основы программирования на Python,National Research University Higher School of Economics,https://www.coursera.org/learn/python-osnovy-programmirovaniya,python-osnovy-programmirovaniya,4.191964285714286,1344.0,30.199536541168516,0.5979481668637179
Improving Communication Skills,University of Pennsylvania,https://www.coursera.org/learn/wharton-communication-skills,wharton-communication-skills,4.686046511627907,1032.0,32.5222052913397,0.6439368037920767
"Introduction to Trading, Machine Learning & GCP",New York Institute of Finance,https://www.coursera.org/learn/introduction-trading-machine-learning-gcp,introduction-trading-machine-learning-gcp,3.402173913043478,368.0,20.10955814765962,0.398167482287036
Python Programming: A Concise Introduction,Wesleyan University,https://www.coursera.org/learn/python-programming-introduction,python-programming-introduction,4.623376623376624,3003.0,37.022613046580695,0.733044481445248
Excel Fundamentals for Data Analysis,Macquarie University,https://www.coursera.org/learn/excel-data-analysis-fundamentals,excel-data-analysis-fundamentals,4.587628865979381,291.0,26.042839608344178,0.515645933258176
Career 911: Your Future Job in Medicine and Healthcare,Northwestern University,https://www.coursera.org/learn/healthcarejobs,healthcarejobs,4.2727272727272725,33.0,15.067176786996326,0.29832877492388876
Foundations of Business Strategy,University of Virginia,https://www.coursera.org/learn/uva-darden-foundations-business-strategy,uva-darden-foundations-business-strategy,4.816616766467066,1336.0,34.6708917055771,0.6864806057741621
Introdução à Ciência da Computação com Python Parte 1,Universidade de São Paulo,https://www.coursera.org/learn/ciencia-computacao-python-conceitos,ciencia-computacao-python-conceitos,4.843028624192059,3249.0,39.16271643035387,0.7754183401791904
Foundations for Big Data Analysis with SQL,Cloudera,https://www.coursera.org/learn/foundations-big-data-analysis-sql,foundations-big-data-analysis-sql,4.80794701986755,453.0,29.41548719058291,0.5824240586948972
"Innovation Through Design: Think, Make, Break, Repeat",The University of Sydney,https://www.coursera.org/learn/innovation-through-design,innovation-through-design,4.708860759493671,237.0,25.768160640579605,0.5102073138599298
Getting Started with Azure,LearnQuest,https://www.coursera.org/learn/cloud-azure-intro,cloud-azure-intro,4.175182481751825,137.0,20.572183269415483,0.4073274190006979
Aprendiendo a aprender: Poderosas herramientas mentales con las que podrás dominar temas difíciles (Learning How to Learn),University of California San Diego,https://www.coursera.org/learn/aprendiendo-a-aprender,aprendiendo-a-aprender,4.932333577176299,8202.0,44.45144902770193,0.8801347803571927
Building Batch Data Pipelines on GCP,Google Cloud,https://www.coursera.org/learn/batch-data-pipelines-gcp,batch-data-pipelines-gcp,4.36,375.0,25.853008665179942,0.5118872972829408
Financial Planning for Young Adults,University of Illinois at Urbana-Champaign,https://www.coursera.org/learn/financial-planning,financial-planning,4.333333333333333,180.0,22.526820468818578,0.44602906359956196
Quantitative Methods,University of Amsterdam,https://www.coursera.org/learn/quantitative-methods,quantitative-methods,4.754978877489439,1657.0,35.25040509230103,0.6979549198515381
The Technology of Music Production,Berklee College of Music,https://www.coursera.org/learn/technology-of-music-production,technology-of-music-production,4.898222940226171,619.0,31.494199446550347,0.62358237849886
Code Yourself! An Introduction to Programming,The University of Edinburgh,https://www.coursera.org/learn/intro-programming,intro-programming,4.810082063305979,1706.0,35.799000752198815,0.708817065657587
Fundamentals of Finance,University of Pennsylvania,https://www.coursera.org/learn/finance-fundamentals,finance-fundamentals,3.888888888888889,27.0,12.958573095125791,0.2565786073185925
How Google does Machine Learning,Google Cloud,https://www.coursera.org/learn/google-machine-learning,google-machine-learning,4.478352692713833,2841.0,35.6130398014937,0.7051350551925993
Object-Oriented Design,University of Alberta,https://www.coursera.org/learn/object-oriented-design,object-oriented-design,4.580684596577017,818.0,30.727617435449208,0.608404122115231
Cost and Economics in Pricing Strategy,BCG,https://www.coursera.org/learn/uva-darden-bcg-pricing-strategy-cost-economics,uva-darden-bcg-pricing-strategy-cost-economics,4.823943661971831,284.0,27.26728935552131,0.5398899305375123
Marketing Gerencial,Universidad de Chile,https://www.coursera.org/learn/marketing-gerencial,marketing-gerencial,4.723486951693504,1801.0,35.41033997306918,0.7011216164212856
Corporate Finance Essentials,IESE Business School,https://www.coursera.org/learn/corporate-finance-essentials,corporate-finance-essentials,4.873889875666075,1689.0,36.22510758245929,0.717253943412152
Information Security: Context and Introduction,"Royal Holloway, University of London",https://www.coursera.org/learn/information-security-data,information-security-data,4.669642857142857,1008.0,32.29858888968694,0.6395092187108735
Introduction to CSS3,University of Michigan,https://www.coursera.org/learn/introcss,introcss,4.80557398805574,4521.0,40.44712097269554,0.8008494371285649
Applied Data Science Capstone,IBM,https://www.coursera.org/learn/applied-data-science-capstone,applied-data-science-capstone,4.533333333333333,1665.0,33.62908639636144,0.6658529522992427
Introduction aux Droits de l’Homme,University of Geneva,https://www.coursera.org/learn/droits-de-lhomme,droits-de-lhomme,4.887755102040816,1078.0,34.1350550342719,0.6758710868198391
"Programming Languages, Part A",University of Washington,https://www.coursera.org/learn/programming-languages,programming-languages,4.941765241128299,1099.0,34.60750546557714,0.6852255637982467
Leadership in 21st Century Organizations,Copenhagen Business School,https://www.coursera.org/learn/leadership-21st-century,leadership-21st-century,4.774285714285714,700.0,31.28354479781371,0.6194114349851514
Software Processes and Agile Practices,University of Alberta,https://www.coursera.org/learn/software-processes-and-agile-practices,software-processes-and-agile-practices,4.686161879895561,1915.0,35.41798786310989,0.7012730439713073
DevOps Culture and Mindset,"University of California, Davis",https://www.coursera.org/learn/devops-culture-and-mindset,devops-culture-and-mindset,4.824175824175824,182.0,25.131477154916308,0.4976010368528045
Introduction to Statistics & Data Analysis in Public Health,Imperial College London,https://www.coursera.org/learn/introduction-statistics-data-analysis-public-health,introduction-statistics-data-analysis-public-health,4.67515923566879,471.0,28.784857168278965,0.5699376397297644
COVID-19 Contact Tracing For Nursing Professionals,University of Houston,https://www.coursera.org/learn/covid-19-contact-tracing-for-nursing-professionals,covid-19-contact-tracing-for-nursing-professionals,3.909090909090909,11.0,9.71372599462582,0.19233092017769796
High Stakes Leadership: Leading in Times of Crisis,University of Michigan,https://www.coursera.org/learn/high-stakes-leadership,high-stakes-leadership,4.777777777777778,81.0,21.05432529248477,0.4168737886434649
AWS Fundamentals: Addressing Security Risk,Amazon Web Services,https://www.coursera.org/learn/aws-fundamentals-addressing-security-risk,aws-fundamentals-addressing-security-risk,4.162698412698413,756.0,27.59603989228525,0.5463991622452734
Spanish for Successful Communication in Healthcare Settings,Rice University,https://www.coursera.org/learn/spanish-in-healthcare-settings,spanish-in-healthcare-settings,4.0,8.0,8.788898309344878,0.17401941336617133
Leading transformations: Manage change,Macquarie University,https://www.coursera.org/learn/change-management,change-management,4.3090909090909095,165.0,22.02802010619093,0.4361528602989725
Introduction to Systems Engineering,UNSW Sydney (The University of New South Wales),https://www.coursera.org/learn/systems-engineering,systems-engineering,4.775,240.0,26.18990535741788,0.5185578221524701
Digital Marketing Analytics in Theory,University of Illinois at Urbana-Champaign,https://www.coursera.org/learn/marketing-analytics,marketing-analytics,,,0.0,0.0
Data Visualization and Communication with Tableau,Duke University,https://www.coursera.org/learn/analytics-tableau,analytics-tableau,,,0.0,0.0
Bayesian Statistics: Techniques and Models,"University of California, Santa Cruz",https://www.coursera.org/learn/mcmc-bayesian-statistics,mcmc-bayesian-statistics,4.804416403785489,317.0,27.683294182883945,0.5481267895233728
Introduction to Computers and Office Productivity Software,The Hong Kong University of Science and Technology,https://www.coursera.org/learn/introduction-to-computers-and-office-productivity-software,introduction-to-computers-and-office-productivity-software,4.6,105.0,21.451819832915508,0.42474414557642265
Intercultural Management,ESCP Business School,https://www.coursera.org/learn/intercultural,intercultural,4.313725490196078,153.0,21.728030833941144,0.43021309909846506
Global Financial Markets and Instruments,Rice University,https://www.coursera.org/learn/global-financial-markets-instruments,global-financial-markets-instruments,4.282868525896414,753.0,28.375684444655587,0.5618360557969215
"Applied Plotting, Charting & Data Representation in Python",University of Michigan,https://www.coursera.org/learn/python-plotting,python-plotting,4.361575178997613,2514.0,34.15125613563387,0.6761918672015962
Excel Skills for Business: Advanced,Macquarie University,https://www.coursera.org/learn/excel-advanced,excel-advanced,4.684210526315789,2394.0,36.44849091453717,0.7216769137362757
Introduction to Neuroeconomics: How the Brain Makes Decisions,National Research University Higher School of Economics,https://www.coursera.org/learn/neuroeconomics,neuroeconomics,4.629987908101572,827.0,31.10894965917915,0.615954466599311
Build a Modern Computer from First Principles: Nand to Tetris Part II (project-centered course),Hebrew University of Jerusalem,https://www.coursera.org/learn/nand2tetris2,nand2tetris2,4.956989247311828,279.0,27.93159147377445,0.553043054040307
The Global Financial Crisis,Yale University,https://www.coursera.org/learn/global-financial-crisis,global-financial-crisis,4.828985507246377,1035.0,33.528237554832366,0.6638561541086335
Agile и Scrum в работе над проектами и продуктами,E-Learning Development Fund,https://www.coursera.org/learn/upravleniya-proektami-agile-scrum,upravleniya-proektami-agile-scrum,4.727272727272728,132.0,23.11801406068465,0.45773464471124536
Renewable Energy and Green Building Entrepreneurship,Duke University,https://www.coursera.org/learn/renewable-energy-entrepreneurship,renewable-energy-entrepreneurship,4.752203721841332,1021.0,32.930475388584945,0.6520205158020366
The Cycle: Management of Successful Arts and Cultural Organizations,"University of Maryland, College Park",https://www.coursera.org/learn/the-cycle,the-cycle,4.861111111111111,324.0,28.115816858547333,0.556690700452514
Privacy Law and Data Protection,University of Pennsylvania,https://www.coursera.org/learn/privacy-law-data-protection,privacy-law-data-protection,4.837209302325581,172.0,24.92755003850089,0.4935632978872354
Building Modern Python Applications on AWS,Amazon Web Services,https://www.coursera.org/learn/building-modern-python-applications-on-aws,building-modern-python-applications-on-aws,5.0,3.0,6.931471805599453,0.13724253198971006
Digital Business Models,Lund University,https://www.coursera.org/learn/digital-business-models,digital-business-models,4.587859424920127,313.0,26.37740679796885,0.5222703341808889
"Everyday Excel, Part 2",University of Colorado Boulder,https://www.coursera.org/learn/everyday-excel-part-2,everyday-excel-part-2,4.95,120.0,23.73916320070387,0.47003334304117333
Reliable Google Cloud Infrastructure: Design and Process,Google Cloud,https://www.coursera.org/learn/cloud-infrastructure-design-process,cloud-infrastructure-design-process,4.699436443331246,1597.0,34.665431113386525,0.6863724865291567
Introduction to Computer Programming,University of London,https://www.coursera.org/learn/introduction-to-computer-programming,introduction-to-computer-programming,3.920289855072464,414.0,23.632599126411648,0.46792338374462256
"Big Data Essentials: HDFS, MapReduce and Spark RDD",Yandex,https://www.coursera.org/learn/big-data-essentials,big-data-essentials,3.424137931034483,290.0,19.426241394142387,0.3846378706787287
Social Impact Strategy: Tools for Entrepreneurs and Innovators,University of Pennsylvania,https://www.coursera.org/learn/social-impact,social-impact,4.850515463917525,582.0,30.8889904245145,0.6115992931027516
C for Everyone: Programming Fundamentals,"University of California, Santa Cruz",https://www.coursera.org/learn/c-for-everyone,c-for-everyone,4.573684210526316,2280.0,35.36541502192175,0.7002321063406117
Introduction to Structured Query Language (SQL),University of Michigan,https://www.coursera.org/learn/intro-sql,intro-sql,4.773264052905055,2117.0,36.55474215959399,0.7237806790414851
Social and Economic Networks:  Models and Analysis,Stanford University,https://www.coursera.org/learn/social-economic-networks,social-economic-networks,1.0,6.0,1.9459101490553128,0.03852884976969606
Fundamentals of Scalable Data Science,IBM,https://www.coursera.org/learn/ds,ds,4.012618296529968,951.0,27.52080354654453,0.544909489218144
Applied Machine Learning in Python,University of Michigan,https://www.coursera.org/learn/python-machine-learning,python-machine-learning,4.509554140127388,3297.0,36.53222053636074,0.7233347528826926
Introduction to C# Programming and Unity,University of Colorado System,https://www.coursera.org/learn/introduction-programming-unity,introduction-programming-unity,4.665809768637532,1167.0,32.95483911709391,0.6525029154832384
Les Fondamentaux de la Négociation,ESSEC Business School,https://www.coursera.org/learn/fondamentaux-negociation,fondamentaux-negociation,4.863013698630137,219.0,26.229284643220392,0.5193375285471664
Introduction to Clinical Data,Stanford University,https://www.coursera.org/learn/introduction-clinical-data,introduction-clinical-data,,,0.0,0.0
Finance for Non-Financial Managers,Emory University,https://www.coursera.org/learn/finance-for-non-financial-managers,finance-for-non-financial-managers,4.130434782608695,207.0,22.046352937896746,0.43651584875400956
Digital Marketing Analytics in Practice,University of Illinois at Urbana-Champaign,https://www.coursera.org/learn/digital-analytics,digital-analytics,,,0.0,0.0
The Horse Course: Introduction to Basic Care and Management,University of Florida,https://www.coursera.org/learn/horse-care,horse-care,4.957364341085271,774.0,32.98066594784082,0.6530142844600424
Introduction to Big Data,University of California San Diego,https://www.coursera.org/learn/big-data-introduction,big-data-introduction,4.58640081799591,5868.0,39.7982158069268,0.7880011719304925
Practical Time Series Analysis,The State University of New York,https://www.coursera.org/learn/practical-time-series-analysis,practical-time-series-analysis,4.493523316062176,772.0,29.883183963147367,0.5916844136484165
Getting Started with Google Kubernetes Engine,Google Cloud,https://www.coursera.org/learn/google-kubernetes-engine,google-kubernetes-engine,4.245696400625978,1917.0,32.09338151333005,0.6354461307110877
Exploring ​and ​Preparing ​your ​Data with BigQuery,Google Cloud,https://www.coursera.org/learn/gcp-exploring-preparing-data-bigquery,gcp-exploring-preparing-data-bigquery,4.4573170731707314,984.0,30.722689266443883,0.6083065448024563
Introduction to Machine Learning,Duke University,https://www.coursera.org/learn/machine-learning-duke,machine-learning-duke,4.681889763779528,635.0,30.222528076866432,0.5984033972479726
Entrepreneurship 2: Launching your Start-Up,University of Pennsylvania,https://www.coursera.org/learn/wharton-launching-startup,wharton-launching-startup,4.752475247524752,606.0,30.45637445255999,0.6030335349152535
Preparing for the Google Cloud Professional Cloud Architect Exam,Google Cloud,https://www.coursera.org/learn/preparing-cloud-professional-cloud-architect-exam,preparing-cloud-professional-cloud-architect-exam,4.46829268292683,410.0,26.89283602184659,0.5324757874713902
Effective Business Presentations with Powerpoint,PwC,https://www.coursera.org/learn/powerpoint-presentations,powerpoint-presentations,4.6381578947368425,456.0,28.40724862223957,0.5624610237363855
More Introduction to Financial Accounting,University of Pennsylvania,https://www.coursera.org/learn/wharton-financial-accounting,wharton-financial-accounting,4.932584269662922,267.0,27.57801443195805,0.5460422597164934
Dairy Production and Management,The Pennsylvania State University,https://www.coursera.org/learn/dairy-production,dairy-production,,,0.0,0.0
Introduction to Operations Management,University of Pennsylvania,https://www.coursera.org/learn/wharton-operations,wharton-operations,4.275462962962963,1296.0,30.645702693130723,0.6067822174233599
Preparing for the Google Cloud Associate Cloud Engineer Exam,Google Cloud,https://www.coursera.org/learn/preparing-cloud-associate-cloud-engineer-exam,preparing-cloud-associate-cloud-engineer-exam,4.636363636363637,715.0,30.477971683181178,0.6034611581816459
European Business Law: Understanding the Fundamentals,Lund University,https://www.coursera.org/learn/european-law-fundamentals,european-law-fundamentals,4.748201438848921,417.0,28.657681622059997,0.567419575102254
Front-End Web Development with React,The Hong Kong University of Science and Technology,https://www.coursera.org/learn/front-end-react,front-end-react,4.6199756394640685,1642.0,34.20758915312467,0.6773072559923019
Music Business Foundations,Berklee College of Music,https://www.coursera.org/learn/music-business-foundations,music-business-foundations,4.869731800766283,1305.0,34.938983133341125,0.6917887924599031
Introduction to Business Analytics: Communicating with Data,University of Illinois at Urbana-Champaign,https://www.coursera.org/learn/intro-business-analytics,intro-business-analytics,4.646464646464646,297.0,26.471343472651373,0.5241302720759992
Security & Safety Challenges in a Globalized World,Universiteit Leiden,https://www.coursera.org/learn/security-safety-globalized-world,security-safety-globalized-world,,,0.0,0.0
Machine Learning Foundations: A Case Study Approach,University of Washington,https://www.coursera.org/learn/ml-foundations,ml-foundations,4.499247554552295,7974.0,40.42154115417711,0.8003429589721552
Accounting Analytics,University of Pennsylvania,https://www.coursera.org/learn/accounting-analytics,accounting-analytics,4.426991150442478,1356.0,31.932027325950383,0.6322513319952884
Strategic Business Management - Microeconomics,"University of California, Irvine",https://www.coursera.org/learn/strategic-business-management-microeconomics,strategic-business-management-microeconomics,4.7875,80.0,21.0384253279943,0.41655897074527254
Research Data Management and Sharing,The University of Edinburgh,https://www.coursera.org/learn/data-management,data-management,4.725806451612903,372.0,27.984233499284485,0.5540853615144898
Strategic Management,Copenhagen Business School,https://www.coursera.org/learn/strategic-management,strategic-management,4.780653950953679,2202.0,36.79944399445425,0.7286257538453126
Cybersecurity Compliance Framework & System Administration,IBM,https://www.coursera.org/learn/cybersecurity-compliance-framework-system-administration,cybersecurity-compliance-framework-system-administration,4.4896265560165975,482.0,27.745966884863417,0.5493677035092525
Legal Tech & Startups,IE Business School,https://www.coursera.org/learn/legal-tech-startups,legal-tech-startups,4.012195121951219,82.0,17.72925073128147,0.35103760483824936
The Business of Product Management I,Advancing Women in Product,https://www.coursera.org/learn/the-business-of-product-management-one,the-business-of-product-management-one,4.333333333333333,9.0,9.977868736307531,0.19756092322637467
AI for Medical Prognosis,DeepLearning.AI,https://www.coursera.org/learn/ai-for-medical-prognosis,ai-for-medical-prognosis,4.698630136986301,219.0,25.342660936970685,0.5017824571596565
UX / UI: Fundamentos para o design de interface,Universidade de São Paulo,https://www.coursera.org/learn/ux-ui-design-de-interface,ux-ui-design-de-interface,4.341269841269841,378.0,25.77644685857212,0.5103713802472434
Industrial IoT on Google Cloud Platform,Google Cloud,https://www.coursera.org/learn/iiot-google-cloud-platform,iiot-google-cloud-platform,4.537340619307832,1647.0,33.60952352783118,0.6654656092232879
Database Management Essentials,University of Colorado System,https://www.coursera.org/learn/database-management,database-management,4.494865211810013,1558.0,33.04534947561721,0.6542950126198088
Fundamentals of Machine Learning for Healthcare,Stanford University,https://www.coursera.org/learn/fundamental-machine-learning-healthcare,fundamental-machine-learning-healthcare,4.833333333333333,18.0,14.231455065971128,0.2817815583659795
Corporate Strategy,UCL School of Management,https://www.coursera.org/learn/corporatestrategy,corporatestrategy,4.948275862068965,348.0,28.97251106331201,0.5736531703435168
Managing an Agile Team,University of Virginia,https://www.coursera.org/learn/uva-darden-agile-team-management,uva-darden-agile-team-management,4.700704225352113,568.0,29.82070556182624,0.5904473467984794
Getting started with TensorFlow 2,Imperial College London,https://www.coursera.org/learn/getting-started-with-tensor-flow2,getting-started-with-tensor-flow2,4.944055944055944,143.0,24.57103498461701,0.48650433118294256
Mathematics for Machine Learning: PCA,Imperial College London,https://www.coursera.org/learn/pca-machine-learning,pca-machine-learning,3.491108071135431,1462.0,25.44404885280897,0.5037899289741656
Object Oriented Programming in Java,University of California San Diego,https://www.coursera.org/learn/object-oriented-java,object-oriented-java,4.696917808219178,3504.0,38.3359885752442,0.7590492013752189
Embedded Software and Hardware Architecture,University of Colorado Boulder,https://www.coursera.org/learn/embedded-software-hardware,embedded-software-hardware,4.310344827586207,145.0,21.4810630246049,0.4253231581993508
Memoir and Personal Essay: Managing Your Relationship with the Reader,Wesleyan University,https://www.coursera.org/learn/memoir-reader-relationship,memoir-reader-relationship,4.386363636363637,132.0,21.45084958515451,0.42472493475610756
Математика и Python для анализа данных,Moscow Institute of Physics and Technology,https://www.coursera.org/learn/mathematics-and-python,mathematics-and-python,4.635852090032154,2488.0,36.25067729562211,0.7177602214834098
Accounting Data Analytics with Python,University of Illinois at Urbana-Champaign,https://www.coursera.org/learn/accounting-data-analytics-python,accounting-data-analytics-python,3.5,24.0,11.266065387038704,0.22306710358826978
Managing as a Coach,"University of California, Davis",https://www.coursera.org/learn/managing-as-a-coach,managing-as-a-coach,4.783088235294118,816.0,32.073663464753174,0.635055715083861
A Crash Course in Data Science,Johns Hopkins University,https://www.coursera.org/learn/data-science-course,data-science-course,,,0.0,0.0
